PhraseID,Sentence,Phrase,count,WordCount,Sentiment,NegativityGI,PositivityGI,SentimentHE,NegativityHE,PositivityHE,SentimentLM,NegativityLM,PositivityLM,RatioUncertaintyLM,SentimentQDAP,NegativityQDAP,PositivityQDAP
1,1,see,1,1,0,0,0,0,0,0,0,0,0,0,0,0,0
2,1,billy,1,1,0,0,0,0,0,0,0,0,0,0,0,0,0
2,1,see,1,1,0,0,0,0,0,0,0,0,0,0,0,0,0
3,1,billy,1,1,0,0,0,0,0,0,0,0,0,0,0,0,0
3,1,joel,1,1,0,0,0,0,0,0,0,0,0,0,0,0,0
4,1,joel,1,1,0,0,0,0,0,0,0,0,0,0,0,0,0
4,1,pay,1,1,1,0,1,0,0,0,0,0,0,0,0,0,0
5,1,pay,1,1,1,0,1,0,0,0,0,0,0,0,0,0,0
5,1,tribute,1,1,1,0,1,0,0,0,0,0,0,0,0,0,0
6,1,tribute,1,1,1,0,1,0,0,0,0,0,0,0,0,0,0
7,1,jeff,1,1,0,0,0,0,0,0,0,0,0,0,0,0,0
8,1,beck,1,1,0,0,0,0,0,0,0,0,0,0,0,0,0
8,1,jeff,1,1,0,0,0,0,0,0,0,0,0,0,0,0,0
9,1,beck,1,1,0,0,0,0,0,0,0,0,0,0,0,0,0
9,1,with,1,0,NA,NA,NA,NA,NA,NA,NA,NA,NA,NA,NA,NA,NA
10,1,with,1,0,NA,NA,NA,NA,NA,NA,NA,NA,NA,NA,NA,NA,NA
10,1,‘people,1,1,0,0,0,0,0,0,0,0,0,0,0,0,0
11,1,get,1,1,-1,1,0,0,0,0,0,0,0,0,0,0,0
11,1,‘people,1,1,0,0,0,0,0,0,0,0,0,0,0,0,0
12,1,get,1,1,-1,1,0,0,0,0,0,0,0,0,0,0,0
12,1,ready’,1,1,0,0,0,0,0,0,0,0,0,0,0,0,0
13,1,cover,1,1,0,0,0,0,0,0,0,0,0,0,0,0,0
13,1,ready’,1,1,0,0,0,0,0,0,0,0,0,0,0,0,0
14,1,cover,1,1,0,0,0,0,0,0,0,0,0,0,0,0,0
15,1,msg,1,1,0,0,0,0,0,0,0,0,0,0,0,0,0
16,1,concert,1,1,0,0,0,0,0,0,0,0,0,0,0,0,0
16,1,msg,1,1,0,0,0,0,0,0,0,0,0,0,0,0,0
17,1,concert,1,1,0,0,0,0,0,0,0,0,0,0,0,0,0
17,1,madison,1,1,0,0,0,0,0,0,0,0,0,0,0,0,0
18,1,madison,1,1,0,0,0,0,0,0,0,0,0,0,0,0,0
18,1,square,1,1,1,0,1,0,0,0,0,0,0,0,0,0,0
19,1,garden,1,1,0,0,0,0,0,0,0,0,0,0,0,0,0
19,1,square,1,1,1,0,1,0,0,0,0,0,0,0,0,0,0
20,1,garden,1,1,0,0,0,0,0,0,0,0,0,0,0,0,0
20,1,uses,1,1,1,0,1,0,0,0,0,0,0,0,1,0,1
21,1,facial,1,1,0,0,0,0,0,0,0,0,0,0,0,0,0
21,1,uses,1,1,1,0,1,0,0,0,0,0,0,0,1,0,1
22,1,facial,1,1,0,0,0,0,0,0,0,0,0,0,0,0,0
22,1,recognition,1,1,0,0,0,0,0,0,0,0,0,0,0,0,0
23,1,recognition,1,1,0,0,0,0,0,0,0,0,0,0,0,0,0
24,1,ban,1,1,0,0,0,0,0,0,-1,1,0,0,0,0,0
25,1,ban,1,1,0,0,0,0,0,0,-1,1,0,0,0,0,0
25,1,its,1,0,NA,NA,NA,NA,NA,NA,NA,NA,NA,NA,NA,NA,NA
26,1,its,1,0,NA,NA,NA,NA,NA,NA,NA,NA,NA,NA,NA,NA,NA
26,1,owner’s,1,1,0,0,0,0,0,0,0,0,0,0,0,0,0
27,1,enemies,1,1,-1,1,0,0,0,0,0,0,0,0,-1,1,0
27,1,owner’s,1,1,0,0,0,0,0,0,0,0,0,0,0,0,0
28,1,enemies,1,1,-1,1,0,0,0,0,0,0,0,0,-1,1,0
28,1,the,1,0,NA,NA,NA,NA,NA,NA,NA,NA,NA,NA,NA,NA,NA
29,1,owner,1,1,0,0,0,0,0,0,0,0,0,0,0,0,0
29,1,the,1,0,NA,NA,NA,NA,NA,NA,NA,NA,NA,NA,NA,NA,NA
30,1,owner,1,1,0,0,0,0,0,0,0,0,0,0,0,0,0
31,1,the,1,0,NA,NA,NA,NA,NA,NA,NA,NA,NA,NA,NA,NA,NA
32,1,arena,1,1,0,0,0,0,0,0,0,0,0,0,0,0,0
32,1,the,1,0,NA,NA,NA,NA,NA,NA,NA,NA,NA,NA,NA,NA,NA
33,1,and,1,0,NA,NA,NA,NA,NA,NA,NA,NA,NA,NA,NA,NA,NA
33,1,arena,1,1,0,0,0,0,0,0,0,0,0,0,0,0,0
34,1,and,1,0,NA,NA,NA,NA,NA,NA,NA,NA,NA,NA,NA,NA,NA
34,1,radio,1,1,0,0,0,0,0,0,0,0,0,0,0,0,0
35,1,city,1,1,0,0,0,0,0,0,0,0,0,0,0,0,0
35,1,radio,1,1,0,0,0,0,0,0,0,0,0,0,0,0,0
36,1,city,1,1,0,0,0,0,0,0,0,0,0,0,0,0,0
36,1,music,1,1,0,0,0,0,0,0,0,0,0,0,0,0,0
37,1,hall,1,1,0,0,0,0,0,0,0,0,0,0,0,0,0
37,1,music,1,1,0,0,0,0,0,0,0,0,0,0,0,0,0
38,1,hall,1,1,0,0,0,0,0,0,0,0,0,0,0,0,0
38,1,has,1,0,NA,NA,NA,NA,NA,NA,NA,NA,NA,NA,NA,NA,NA
39,1,has,1,0,NA,NA,NA,NA,NA,NA,NA,NA,NA,NA,NA,NA,NA
39,1,put,1,1,0,0,0,0,0,0,0,0,0,0,0,0,0
40,1,lawyers,1,1,0,0,0,0,0,0,0,0,0,0,0,0,0
40,1,put,1,1,0,0,0,0,0,0,0,0,0,0,0,0,0
41,1,lawyers,1,1,0,0,0,0,0,0,0,0,0,0,0,0,0
41,1,who,1,0,NA,NA,NA,NA,NA,NA,NA,NA,NA,NA,NA,NA,NA
42,1,represent,1,1,0,0,0,0,0,0,0,0,0,0,0,0,0
42,1,who,1,0,NA,NA,NA,NA,NA,NA,NA,NA,NA,NA,NA,NA,NA
43,1,people,1,1,0,0,0,0,0,0,0,0,0,0,0,0,0
43,1,represent,1,1,0,0,0,0,0,0,0,0,0,0,0,0,0
44,1,people,1,1,0,0,0,0,0,0,0,0,0,0,0,0,0
44,1,suing,1,0,NA,NA,NA,NA,NA,NA,NA,NA,NA,NA,NA,NA,NA
45,1,suing,1,0,NA,NA,NA,NA,NA,NA,NA,NA,NA,NA,NA,NA,NA
48,1,“exclusion,1,1,0,0,0,0,0,0,0,0,0,0,0,0,0
49,1,list”,1,1,0,0,0,0,0,0,0,0,0,0,0,0,0
49,1,“exclusion,1,1,0,0,0,0,0,0,0,0,0,0,0,0,0
50,1,list”,1,1,0,0,0,0,0,0,0,0,0,0,0,0,0
51,1,keep,1,1,0,0,0,0,0,0,0,0,0,0,0,0,0
52,1,keep,1,1,0,0,0,0,0,0,0,0,0,0,0,0,0
52,1,them,1,0,NA,NA,NA,NA,NA,NA,NA,NA,NA,NA,NA,NA,NA
53,1,out,1,0,NA,NA,NA,NA,NA,NA,NA,NA,NA,NA,NA,NA,NA
53,1,them,1,0,NA,NA,NA,NA,NA,NA,NA,NA,NA,NA,NA,NA,NA
54,1,out,1,0,NA,NA,NA,NA,NA,NA,NA,NA,NA,NA,NA,NA,NA
55,1,concerts,1,1,0,0,0,0,0,0,0,0,0,0,0,0,0
56,1,and,1,0,NA,NA,NA,NA,NA,NA,NA,NA,NA,NA,NA,NA,NA
56,1,concerts,1,1,0,0,0,0,0,0,0,0,0,0,0,0,0
57,1,and,1,0,NA,NA,NA,NA,NA,NA,NA,NA,NA,NA,NA,NA,NA
57,1,sporting,1,1,0,0,0,0,0,0,0,0,0,0,0,0,0
58,1,events,1,1,0,0,0,0,0,0,0,0,0,0,1,0,1
58,1,sporting,1,1,0,0,0,0,0,0,0,0,0,0,0,0,0
59,1,events,1,1,0,0,0,0,0,0,0,0,0,0,1,0,1
59,1,https,1,1,0,0,0,0,0,0,0,0,0,0,0,0,0
60,1,//nytimes,1,1,0,0,0,0,0,0,0,0,0,0,0,0,0
60,1,https,1,1,0,0,0,0,0,0,0,0,0,0,0,0,0
61,1,//nytimes,1,1,0,0,0,0,0,0,0,0,0,0,0,0,0
61,1,com/2022/12/22/nyregion/madison-square-garden-facial-recognition,1,1,0,0,0,0,0,0,0,0,0,0,0,0,0
62,1,com/2022/12/22/nyregion/madison-square-garden-facial-recognition,1,1,0,0,0,0,0,0,0,0,0,0,0,0,0
62,1,html…,1,1,0,0,0,0,0,0,0,0,0,0,0,0,0
63,1,html…,1,1,0,0,0,0,0,0,0,0,0,0,0,0,0
63,1,madonna,1,1,0,0,0,0,0,0,0,0,0,0,0,0,0
64,1,madonna,1,1,0,0,0,0,0,0,0,0,0,0,0,0,0
64,1,was,1,0,NA,NA,NA,NA,NA,NA,NA,NA,NA,NA,NA,NA,NA
65,1,was,1,0,NA,NA,NA,NA,NA,NA,NA,NA,NA,NA,NA,NA,NA
66,1,first,1,1,0,0,0,0,0,0,0,0,0,0,0,0,0
67,1,concert,1,1,0,0,0,0,0,0,0,0,0,0,0,0,0
67,1,first,1,1,0,0,0,0,0,0,0,0,0,0,0,0,0
68,1,concert,1,1,0,0,0,0,0,0,0,0,0,0,0,0,0
68,1,the,1,0,NA,NA,NA,NA,NA,NA,NA,NA,NA,NA,NA,NA,NA
69,1,the,1,0,NA,NA,NA,NA,NA,NA,NA,NA,NA,NA,NA,NA,NA
70,1,like,1,1,1,0,1,0,0,0,0,0,0,0,1,0,1
71,1,like,1,1,1,0,1,0,0,0,0,0,0,0,1,0,1
72,1,virgin\,1,1,0,0,0,0,0,0,0,0,0,0,0,0,0
73,1,tour,1,1,0,0,0,0,0,0,0,0,0,0,0,0,0
73,1,virgin\,1,1,0,0,0,0,0,0,0,0,0,0,0,0,0
74,1,tour,1,1,0,0,0,0,0,0,0,0,0,0,0,0,0
75,1,madison,1,1,0,0,0,0,0,0,0,0,0,0,0,0,0
76,1,madison,1,1,0,0,0,0,0,0,0,0,0,0,0,0,0
76,1,square,1,1,1,0,1,0,0,0,0,0,0,0,0,0,0
77,1,garden,1,1,0,0,0,0,0,0,0,0,0,0,0,0,0
77,1,square,1,1,1,0,1,0,0,0,0,0,0,0,0,0,0
78,1,garden,1,1,0,0,0,0,0,0,0,0,0,0,0,0,0
78,1,where,1,0,NA,NA,NA,NA,NA,NA,NA,NA,NA,NA,NA,NA,NA
79,1,she,1,0,NA,NA,NA,NA,NA,NA,NA,NA,NA,NA,NA,NA,NA
79,1,where,1,0,NA,NA,NA,NA,NA,NA,NA,NA,NA,NA,NA,NA,NA
80,1,rolled,1,1,0,0,0,0,0,0,0,0,0,0,0,0,0
80,1,she,1,0,NA,NA,NA,NA,NA,NA,NA,NA,NA,NA,NA,NA,NA
81,1,around,1,1,0,0,0,0,0,0,0,0,0,0,0,0,0
81,1,rolled,1,1,0,0,0,0,0,0,0,0,0,0,0,0,0
82,1,around,1,1,0,0,0,0,0,0,0,0,0,0,0,0,0
83,1,the,1,0,NA,NA,NA,NA,NA,NA,NA,NA,NA,NA,NA,NA,NA
84,1,stage,1,1,0,0,0,0,0,0,0,0,0,0,0,0,0
84,1,the,1,0,NA,NA,NA,NA,NA,NA,NA,NA,NA,NA,NA,NA,NA
85,1,stage,1,1,0,0,0,0,0,0,0,0,0,0,0,0,0
86,1,her,1,0,NA,NA,NA,NA,NA,NA,NA,NA,NA,NA,NA,NA,NA
87,1,her,1,0,NA,NA,NA,NA,NA,NA,NA,NA,NA,NA,NA,NA,NA
87,1,wedding,1,1,0,0,0,0,0,0,0,0,0,0,0,0,0
88,1,dress,1,1,0,0,0,0,0,0,0,0,0,0,0,0,0
88,1,wedding,1,1,0,0,0,0,0,0,0,0,0,0,0,0,0
89,1,dress,1,1,0,0,0,0,0,0,0,0,0,0,0,0,0
90,1,can,1,1,0,0,0,0,0,0,0,0,0,0,0,0,0
91,1,can,1,1,0,0,0,0,0,0,0,0,0,0,0,0,0
92,1,help,1,1,0,1,1,0,0,0,0,0,0,0,1,0,1
93,1,but,1,0,NA,NA,NA,NA,NA,NA,NA,NA,NA,NA,NA,NA,NA
93,1,help,1,1,0,1,1,0,0,0,0,0,0,0,1,0,1
94,1,but,1,0,NA,NA,NA,NA,NA,NA,NA,NA,NA,NA,NA,NA,NA
94,1,feel,1,1,0,0,0,0,0,0,0,0,0,0,0,0,0
95,1,exhausted,1,1,-1,1,0,0,0,0,0,0,0,0,-1,1,0
95,1,feel,1,1,0,0,0,0,0,0,0,0,0,0,0,0,0
96,1,exhausted,1,1,-1,1,0,0,0,0,0,0,0,0,-1,1,0
96,1,sad,1,1,-1,1,0,0,0,0,0,0,0,0,-1,1,0
97,1,elated,1,1,1,0,1,0,0,0,0,0,0,0,1,0,1
97,1,sad,1,1,-1,1,0,0,0,0,0,0,0,0,-1,1,0
98,1,elated,1,1,1,0,1,0,0,0,0,0,0,0,1,0,1
98,1,nostalgia,1,1,0,0,0,0,0,0,0,0,0,0,0,0,0
99,1,nostalgia,1,1,0,0,0,0,0,0,0,0,0,0,0,0,0
99,1,that,1,0,NA,NA,NA,NA,NA,NA,NA,NA,NA,NA,NA,NA,NA
100,1,she,1,0,NA,NA,NA,NA,NA,NA,NA,NA,NA,NA,NA,NA,NA
100,1,that,1,0,NA,NA,NA,NA,NA,NA,NA,NA,NA,NA,NA,NA,NA
101,1,she,1,0,NA,NA,NA,NA,NA,NA,NA,NA,NA,NA,NA,NA,NA
102,1,doing,1,0,NA,NA,NA,NA,NA,NA,NA,NA,NA,NA,NA,NA,NA
103,1,doing,1,0,NA,NA,NA,NA,NA,NA,NA,NA,NA,NA,NA,NA,NA
104,1,greatest,1,1,0,0,0,1,0,1,1,0,1,0,1,0,1
105,1,greatest,1,1,0,0,0,1,0,1,1,0,1,0,1,0,1
105,1,hits,1,1,0,1,1,0,0,0,0,0,0,0,0,0,0
106,1,hits,1,1,0,1,1,0,0,0,0,0,0,0,0,0,0
106,1,tour,1,1,0,0,0,0,0,0,0,0,0,0,0,0,0
107,1,tour,1,1,0,0,0,0,0,0,0,0,0,0,0,0,0
109,1,never,1,1,0,0,0,0,0,0,0,0,0,0,0,0,0
110,1,forget,1,1,-1,1,0,0,0,0,0,0,0,0,-1,1,0
110,1,never,1,1,0,0,0,0,0,0,0,0,0,0,0,0,0
111,1,forget,1,1,-1,1,0,0,0,0,0,0,0,0,-1,1,0
111,1,seeing,1,1,0,0,0,0,0,0,0,0,0,0,0,0,0
112,1,him,1,0,NA,NA,NA,NA,NA,NA,NA,NA,NA,NA,NA,NA,NA
112,1,seeing,1,1,0,0,0,0,0,0,0,0,0,0,0,0,0
113,1,him,1,0,NA,NA,NA,NA,NA,NA,NA,NA,NA,NA,NA,NA,NA
114,1,madison,1,1,0,0,0,0,0,0,0,0,0,0,0,0,0
115,1,madison,1,1,0,0,0,0,0,0,0,0,0,0,0,0,0
115,1,square,1,1,1,0,1,0,0,0,0,0,0,0,0,0,0
116,1,garden,1,1,0,0,0,0,0,0,0,0,0,0,0,0,0
116,1,square,1,1,1,0,1,0,0,0,0,0,0,0,0,0,0
117,1,garden,1,1,0,0,0,0,0,0,0,0,0,0,0,0,0
117,1,had,1,0,NA,NA,NA,NA,NA,NA,NA,NA,NA,NA,NA,NA,NA
118,1,had,1,0,NA,NA,NA,NA,NA,NA,NA,NA,NA,NA,NA,NA,NA
118,1,second,1,1,0,0,0,0,0,0,0,0,0,0,0,0,0
119,1,row,1,1,0,0,0,0,0,0,0,0,0,0,0,0,0
119,1,second,1,1,0,0,0,0,0,0,0,0,0,0,0,0,0
120,1,row,1,1,0,0,0,0,0,0,0,0,0,0,0,0,0
120,1,seats,1,1,0,0,0,0,0,0,0,0,0,0,0,0,0
121,1,seats,1,1,0,0,0,0,0,0,0,0,0,0,0,0,0
121,1,what,1,0,NA,NA,NA,NA,NA,NA,NA,NA,NA,NA,NA,NA,NA
122,1,what,1,0,NA,NA,NA,NA,NA,NA,NA,NA,NA,NA,NA,NA,NA
123,1,fun,1,1,0,1,1,0,0,0,0,0,0,0,1,0,1
124,1,concert,1,1,0,0,0,0,0,0,0,0,0,0,0,0,0
124,1,fun,1,1,0,1,1,0,0,0,0,0,0,0,1,0,1
125,1,concert,1,1,0,0,0,0,0,0,0,0,0,0,0,0,0
125,1,loved,1,1,1,0,1,0,0,0,0,0,0,0,1,0,1
126,1,loved,1,1,1,0,1,0,0,0,0,0,0,0,1,0,1
126,1,that,1,0,NA,NA,NA,NA,NA,NA,NA,NA,NA,NA,NA,NA,NA
127,1,album,1,1,0,0,0,0,0,0,0,0,0,0,0,0,0
127,1,that,1,0,NA,NA,NA,NA,NA,NA,NA,NA,NA,NA,NA,NA,NA
128,1,album,1,1,0,0,0,0,0,0,0,0,0,0,0,0,0
128,1,dylan,1,1,0,0,0,0,0,0,0,0,0,0,0,0,0
129,1,dylan,1,1,0,0,0,0,0,0,0,0,0,0,0,0,0
129,1,with,1,0,NA,NA,NA,NA,NA,NA,NA,NA,NA,NA,NA,NA,NA
130,1,the,1,0,NA,NA,NA,NA,NA,NA,NA,NA,NA,NA,NA,NA,NA
130,1,with,1,0,NA,NA,NA,NA,NA,NA,NA,NA,NA,NA,NA,NA,NA
131,1,band,1,1,0,0,0,0,0,0,0,0,0,0,0,0,0
131,1,the,1,0,NA,NA,NA,NA,NA,NA,NA,NA,NA,NA,NA,NA,NA
132,1,1974,1,0,NA,NA,NA,NA,NA,NA,NA,NA,NA,NA,NA,NA,NA
132,1,band,1,1,0,0,0,0,0,0,0,0,0,0,0,0,0
133,1,1974,1,0,NA,NA,NA,NA,NA,NA,NA,NA,NA,NA,NA,NA,NA
134,1,madison,1,1,0,0,0,0,0,0,0,0,0,0,0,0,0
135,1,madison,1,1,0,0,0,0,0,0,0,0,0,0,0,0,0
135,1,square,1,1,1,0,1,0,0,0,0,0,0,0,0,0,0
136,1,garden,1,1,0,0,0,0,0,0,0,0,0,0,0,0,0
136,1,square,1,1,1,0,1,0,0,0,0,0,0,0,0,0,0
137,1,garden,1,1,0,0,0,0,0,0,0,0,0,0,0,0,0
138,1,was,1,0,NA,NA,NA,NA,NA,NA,NA,NA,NA,NA,NA,NA,NA
139,1,was,1,0,NA,NA,NA,NA,NA,NA,NA,NA,NA,NA,NA,NA,NA
140,1,amazing,1,1,1,0,1,0,0,0,0,0,0,0,1,0,1
141,1,amazing,1,1,1,0,1,0,0,0,0,0,0,0,1,0,1
141,1,concert,1,1,0,0,0,0,0,0,0,0,0,0,0,0,0
142,1,concert,1,1,0,0,0,0,0,0,0,0,0,0,0,0,0
142,1,the,1,0,NA,NA,NA,NA,NA,NA,NA,NA,NA,NA,NA,NA,NA
143,1,berlin,1,1,0,0,0,0,0,0,0,0,0,0,0,0,0
143,1,the,1,0,NA,NA,NA,NA,NA,NA,NA,NA,NA,NA,NA,NA,NA
144,1,berlin,1,1,0,0,0,0,0,0,0,0,0,0,0,0,0
144,1,wall,1,1,0,0,0,0,0,0,0,0,0,0,0,0,0
145,1,coming,1,1,1,0,1,0,0,0,0,0,0,0,1,0,1
145,1,wall,1,1,0,0,0,0,0,0,0,0,0,0,0,0,0
146,1,coming,1,1,1,0,1,0,0,0,0,0,0,0,1,0,1
146,1,down,1,0,NA,NA,NA,NA,NA,NA,NA,NA,NA,NA,NA,NA,NA
147,1,down,1,0,NA,NA,NA,NA,NA,NA,NA,NA,NA,NA,NA,NA,NA
147,1,rodney,1,1,0,0,0,0,0,0,0,0,0,0,0,0,0
148,1,king,1,1,0,0,0,0,0,0,0,0,0,0,0,0,0
148,1,rodney,1,1,0,0,0,0,0,0,0,0,0,0,0,0,0
149,1,king,1,1,0,0,0,0,0,0,0,0,0,0,0,0,0
149,1,verdict,1,1,0,0,0,0,0,0,-1,1,0,0,0,0,0
150,1,911,1,0,NA,NA,NA,NA,NA,NA,NA,NA,NA,NA,NA,NA,NA
150,1,verdict,1,1,0,0,0,0,0,0,-1,1,0,0,0,0,0
151,1,911,1,0,NA,NA,NA,NA,NA,NA,NA,NA,NA,NA,NA,NA,NA
151,1,attack,1,1,-1,1,0,0,0,0,0,0,0,0,-1,1,0
152,1,attack,1,1,-1,1,0,0,0,0,0,0,0,0,-1,1,0
152,1,favorite,1,1,1,0,1,0,0,0,1,0,1,0,1,0,1
153,1,concert,1,1,0,0,0,0,0,0,0,0,0,0,0,0,0
153,1,favorite,1,1,1,0,1,0,0,0,1,0,1,0,1,0,1
154,1,concert,1,1,0,0,0,0,0,0,0,0,0,0,0,0,0
154,1,janet,1,1,0,0,0,0,0,0,0,0,0,0,0,0,0
155,1,jackson,1,1,0,0,0,0,0,0,0,0,0,0,0,0,0
155,1,janet,1,1,0,0,0,0,0,0,0,0,0,0,0,0,0
156,1,jackson,1,1,0,0,0,0,0,0,0,0,0,0,0,0,0
156,1,velvet,1,1,0,0,0,0,0,0,0,0,0,0,0,0,0
157,1,rope,1,1,0,0,0,0,0,0,0,0,0,0,0,0,0
157,1,velvet,1,1,0,0,0,0,0,0,0,0,0,0,0,0,0
158,1,rope,1,1,0,0,0,0,0,0,0,0,0,0,0,0,0
158,1,tour,1,1,0,0,0,0,0,0,0,0,0,0,0,0,0
159,1,tour,1,1,0,0,0,0,0,0,0,0,0,0,0,0,0
160,1,madison,1,1,0,0,0,0,0,0,0,0,0,0,0,0,0
161,1,madison,1,1,0,0,0,0,0,0,0,0,0,0,0,0,0
161,1,square,1,1,1,0,1,0,0,0,0,0,0,0,0,0,0
162,1,garden,1,1,0,0,0,0,0,0,0,0,0,0,0,0,0
162,1,square,1,1,1,0,1,0,0,0,0,0,0,0,0,0,0
163,1,episodio,1,1,0,0,0,0,0,0,0,0,0,0,0,0,0
163,1,garden,1,1,0,0,0,0,0,0,0,0,0,0,0,0,0
164,1,207,1,0,NA,NA,NA,NA,NA,NA,NA,NA,NA,NA,NA,NA,NA
164,1,episodio,1,1,0,0,0,0,0,0,0,0,0,0,0,0,0
165,1,207,1,0,NA,NA,NA,NA,NA,NA,NA,NA,NA,NA,NA,NA,NA
165,1,hace,1,1,0,0,0,0,0,0,0,0,0,0,0,0,0
166,1,hace,1,1,0,0,0,0,0,0,0,0,0,0,0,0,0
166,1,poco,1,1,0,0,0,0,0,0,0,0,0,0,0,0,0
167,1,más,1,1,0,0,0,0,0,0,0,0,0,0,0,0,0
167,1,poco,1,1,0,0,0,0,0,0,0,0,0,0,0,0,0
168,1,más,1,1,0,0,0,0,0,0,0,0,0,0,0,0,0
170,1,años,1,1,0,0,0,0,0,0,0,0,0,0,0,0,0
171,1,años,1,1,0,0,0,0,0,0,0,0,0,0,0,0,0
172,1,llevó,1,1,0,0,0,0,0,0,0,0,0,0,0,0,0
173,1,llevó,1,1,0,0,0,0,0,0,0,0,0,0,0,0,0
174,1,cabo,1,1,0,0,0,0,0,0,0,0,0,0,0,0,0
175,1,cabo,1,1,0,0,0,0,0,0,0,0,0,0,0,0,0
177,1,madison,1,1,0,0,0,0,0,0,0,0,0,0,0,0,0
178,1,madison,1,1,0,0,0,0,0,0,0,0,0,0,0,0,0
178,1,square,1,1,1,0,1,0,0,0,0,0,0,0,0,0,0
179,1,garden,1,1,0,0,0,0,0,0,0,0,0,0,0,0,0
179,1,square,1,1,1,0,1,0,0,0,0,0,0,0,0,0,0
180,1,garden,1,1,0,0,0,0,0,0,0,0,0,0,0,0,0
181,1,histórico,1,1,0,0,0,0,0,0,0,0,0,0,0,0,0
182,1,concierto,1,1,0,0,0,0,0,0,0,0,0,0,0,0,0
182,1,histórico,1,1,0,0,0,0,0,0,0,0,0,0,0,0,0
183,1,benéfico,1,1,0,0,0,0,0,0,0,0,0,0,0,0,0
183,1,concierto,1,1,0,0,0,0,0,0,0,0,0,0,0,0,0
184,1,benéfico,1,1,0,0,0,0,0,0,0,0,0,0,0,0,0
184,1,para,1,1,0,0,0,0,0,0,0,0,0,0,0,0,0
185,1,para,1,1,0,0,0,0,0,0,0,0,0,0,0,0,0
185,1,recaudar,1,1,0,0,0,0,0,0,0,0,0,0,0,0,0
186,1,fondos,1,1,0,0,0,0,0,0,0,0,0,0,0,0,0
186,1,recaudar,1,1,0,0,0,0,0,0,0,0,0,0,0,0,0
187,1,fondos,1,1,0,0,0,0,0,0,0,0,0,0,0,0,0
187,1,para,1,1,0,0,0,0,0,0,0,0,0,0,0,0,0
188,1,los,1,1,0,0,0,0,0,0,0,0,0,0,0,0,0
188,1,para,1,1,0,0,0,0,0,0,0,0,0,0,0,0,0
189,1,los,1,1,0,0,0,0,0,0,0,0,0,0,0,0,0
189,1,refugiados,1,1,0,0,0,0,0,0,0,0,0,0,0,0,0
190,1,refugiados,1,1,0,0,0,0,0,0,0,0,0,0,0,0,0
191,1,bangladesh,1,1,0,0,0,0,0,0,0,0,0,0,0,0,0
192,1,bangladesh,1,1,0,0,0,0,0,0,0,0,0,0,0,0,0
193,1,primer,1,1,0,0,0,0,0,0,0,0,0,0,0,0,0
194,1,concierto,1,1,0,0,0,0,0,0,0,0,0,0,0,0,0
194,1,primer,1,1,0,0,0,0,0,0,0,0,0,0,0,0,0
195,1,concierto,1,1,0,0,0,0,0,0,0,0,0,0,0,0,0
197,1,estilo,1,1,0,0,0,0,0,0,0,0,0,0,0,0,0
198,1,estilo,1,1,0,0,0,0,0,0,0,0,0,0,0,0,0
200,1,historia,1,1,0,0,0,0,0,0,0,0,0,0,0,0,0
201,1,historia,1,1,0,0,0,0,0,0,0,0,0,0,0,0,0
201,1,iniciativa,1,1,0,0,0,0,0,0,0,0,0,0,0,0,0
202,1,iniciativa,1,1,0,0,0,0,0,0,0,0,0,0,0,0,0
203,1,…,1,0,NA,NA,NA,NA,NA,NA,NA,NA,NA,NA,NA,NA,NA
204,1,…,1,0,NA,NA,NA,NA,NA,NA,NA,NA,NA,NA,NA,NA,NA
205,1,zelenskyy,1,1,0,0,0,0,0,0,0,0,0,0,0,0,0
206,1,zelenskyy,1,1,0,0,0,0,0,0,0,0,0,0,0,0,0
207,1,concert,1,1,0,0,0,0,0,0,0,0,0,0,0,0,0
208,1,concert,1,1,0,0,0,0,0,0,0,0,0,0,0,0,0
208,1,full,1,1,1,0,1,0,0,0,0,0,0,0,0,0,0
209,1,full,1,1,1,0,1,0,0,0,0,0,0,0,0,0,0
209,1,house,1,1,0,0,0,0,0,0,0,0,0,0,0,0,0
210,1,house,1,1,0,0,0,0,0,0,0,0,0,0,0,0,0
210,1,what,1,0,NA,NA,NA,NA,NA,NA,NA,NA,NA,NA,NA,NA,NA
211,1,was,1,0,NA,NA,NA,NA,NA,NA,NA,NA,NA,NA,NA,NA,NA
211,1,what,1,0,NA,NA,NA,NA,NA,NA,NA,NA,NA,NA,NA,NA,NA
212,1,his,1,0,NA,NA,NA,NA,NA,NA,NA,NA,NA,NA,NA,NA,NA
212,1,was,1,0,NA,NA,NA,NA,NA,NA,NA,NA,NA,NA,NA,NA,NA
213,1,his,1,0,NA,NA,NA,NA,NA,NA,NA,NA,NA,NA,NA,NA,NA
213,1,opening,1,1,1,0,1,0,0,0,0,0,0,0,1,0,1
214,1,opening,1,1,1,0,1,0,0,0,0,0,0,0,1,0,1
214,1,song,1,1,0,0,0,0,0,0,0,0,0,0,0,0,0
215,1,elton,1,1,0,0,0,0,0,0,0,0,0,0,0,0,0
215,1,song,1,1,0,0,0,0,0,0,0,0,0,0,0,0,0
216,1,elton,1,1,0,0,0,0,0,0,0,0,0,0,0,0,0
216,1,john,1,1,0,0,0,0,0,0,0,0,0,0,0,0,0
217,1,john,1,1,0,0,0,0,0,0,0,0,0,0,0,0,0
220,1,still,1,1,0,0,0,0,0,0,0,0,0,0,0,0,0
221,1,standing,1,1,1,0,1,0,0,0,0,0,0,0,0,0,0
221,1,still,1,1,0,0,0,0,0,0,0,0,0,0,0,0,0
222,1,live,1,1,1,0,1,0,0,0,0,0,0,0,1,0,1
222,1,standing,1,1,1,0,1,0,0,0,0,0,0,0,0,0,0
223,1,live,1,1,1,0,1,0,0,0,0,0,0,0,1,0,1
224,1,madison,1,1,0,0,0,0,0,0,0,0,0,0,0,0,0
225,1,madison,1,1,0,0,0,0,0,0,0,0,0,0,0,0,0
225,1,square,1,1,1,0,1,0,0,0,0,0,0,0,0,0,0
226,1,garden,1,1,0,0,0,0,0,0,0,0,0,0,0,0,0
226,1,square,1,1,1,0,1,0,0,0,0,0,0,0,0,0,0
227,1,garden,1,1,0,0,0,0,0,0,0,0,0,0,0,0,0
227,1,nyc…correct,1,1,0,0,0,0,0,0,0,0,0,0,0,0,0
228,1,nyc…correct,1,1,0,0,0,0,0,0,0,0,0,0,0,0,0
229,1,there,1,0,NA,NA,NA,NA,NA,NA,NA,NA,NA,NA,NA,NA,NA
230,1,there,1,0,NA,NA,NA,NA,NA,NA,NA,NA,NA,NA,NA,NA,NA
231,1,only,1,0,NA,NA,NA,NA,NA,NA,NA,NA,NA,NA,NA,NA,NA
232,1,one,1,1,0,0,0,0,0,0,0,0,0,0,0,0,0
232,1,only,1,0,NA,NA,NA,NA,NA,NA,NA,NA,NA,NA,NA,NA,NA
233,1,madison,1,1,0,0,0,0,0,0,0,0,0,0,0,0,0
233,1,one,1,1,0,0,0,0,0,0,0,0,0,0,0,0,0
234,1,madison,1,1,0,0,0,0,0,0,0,0,0,0,0,0,0
234,1,square,1,1,1,0,1,0,0,0,0,0,0,0,0,0,0
235,1,garden,1,1,0,0,0,0,0,0,0,0,0,0,0,0,0
235,1,square,1,1,1,0,1,0,0,0,0,0,0,0,0,0,0
236,1,but,1,0,NA,NA,NA,NA,NA,NA,NA,NA,NA,NA,NA,NA,NA
236,1,garden,1,1,0,0,0,0,0,0,0,0,0,0,0,0,0
237,1,but,1,0,NA,NA,NA,NA,NA,NA,NA,NA,NA,NA,NA,NA,NA
237,1,they,1,0,NA,NA,NA,NA,NA,NA,NA,NA,NA,NA,NA,NA,NA
238,1,they,1,0,NA,NA,NA,NA,NA,NA,NA,NA,NA,NA,NA,NA,NA
239,1,like,1,1,1,0,1,0,0,0,0,0,0,0,1,0,1
240,1,like,1,1,1,0,1,0,0,0,0,0,0,0,1,0,1
241,1,kinds,1,1,1,0,1,0,0,0,0,0,0,0,1,0,1
242,1,kinds,1,1,1,0,1,0,0,0,0,0,0,0,1,0,1
243,1,stuff,1,1,0,0,0,0,0,0,0,0,0,0,0,0,0
244,1,hockey,1,1,0,0,0,0,0,0,0,0,0,0,0,0,0
244,1,stuff,1,1,0,0,0,0,0,0,0,0,0,0,0,0,0
245,1,bball,1,1,0,0,0,0,0,0,0,0,0,0,0,0,0
245,1,hockey,1,1,0,0,0,0,0,0,0,0,0,0,0,0,0
246,1,bball,1,1,0,0,0,0,0,0,0,0,0,0,0,0,0
246,1,concerts,1,1,0,0,0,0,0,0,0,0,0,0,0,0,0
247,1,clean,1,1,1,0,1,0,0,0,0,0,0,0,1,0,1
247,1,concerts,1,1,0,0,0,0,0,0,0,0,0,0,0,0,0
248,1,clean,1,1,1,0,1,0,0,0,0,0,0,0,1,0,1
249,1,and,1,0,NA,NA,NA,NA,NA,NA,NA,NA,NA,NA,NA,NA,NA
250,1,and,1,0,NA,NA,NA,NA,NA,NA,NA,NA,NA,NA,NA,NA,NA
250,1,more,1,0,NA,NA,NA,NA,NA,NA,NA,NA,NA,NA,NA,NA,NA
251,1,inside,1,1,0,0,0,0,0,0,0,0,0,0,0,0,0
251,1,more,1,0,NA,NA,NA,NA,NA,NA,NA,NA,NA,NA,NA,NA,NA
252,1,inside,1,1,0,0,0,0,0,0,0,0,0,0,0,0,0
256,1,see,1,1,0,0,0,0,0,0,0,0,0,0,0,0,0
257,1,see,1,1,0,0,0,0,0,0,0,0,0,0,0,0,0
257,1,why,1,0,NA,NA,NA,NA,NA,NA,NA,NA,NA,NA,NA,NA,NA
258,1,some,1,0,NA,NA,NA,NA,NA,NA,NA,NA,NA,NA,NA,NA,NA
258,1,why,1,0,NA,NA,NA,NA,NA,NA,NA,NA,NA,NA,NA,NA,NA
259,1,might,1,1,0,0,0,0,0,0,0,0,0,1,0,0,0
259,1,some,1,0,NA,NA,NA,NA,NA,NA,NA,NA,NA,NA,NA,NA,NA
260,1,might,1,1,0,0,0,0,0,0,0,0,0,1,0,0,0
260,1,think,1,1,0,0,0,0,0,0,0,0,0,0,0,0,0
261,1,there,1,0,NA,NA,NA,NA,NA,NA,NA,NA,NA,NA,NA,NA,NA
261,1,think,1,1,0,0,0,0,0,0,0,0,0,0,0,0,0
262,1,there,1,0,NA,NA,NA,NA,NA,NA,NA,NA,NA,NA,NA,NA,NA
264,1,msg5,1,1,0,0,0,0,0,0,0,0,0,0,0,0,0
265,1,msg5,1,1,0,0,0,0,0,0,0,0,0,0,0,0,0
265,1,music,1,1,0,0,0,0,0,0,0,0,0,0,0,0,0
266,1,equipment,1,1,0,0,0,0,0,0,0,0,0,0,0,0,0
266,1,music,1,1,0,0,0,0,0,0,0,0,0,0,0,0,0
267,1,and,1,0,NA,NA,NA,NA,NA,NA,NA,NA,NA,NA,NA,NA,NA
267,1,equipment,1,1,0,0,0,0,0,0,0,0,0,0,0,0,0
268,1,and,1,0,NA,NA,NA,NA,NA,NA,NA,NA,NA,NA,NA,NA,NA
268,1,events,1,1,0,0,0,0,0,0,0,0,0,0,1,0,1
269,1,events,1,1,0,0,0,0,0,0,0,0,0,0,1,0,1
269,1,from,1,0,NA,NA,NA,NA,NA,NA,NA,NA,NA,NA,NA,NA,NA
270,1,around,1,1,0,0,0,0,0,0,0,0,0,0,0,0,0
270,1,from,1,0,NA,NA,NA,NA,NA,NA,NA,NA,NA,NA,NA,NA,NA
271,1,around,1,1,0,0,0,0,0,0,0,0,0,0,0,0,0
271,1,the,1,0,NA,NA,NA,NA,NA,NA,NA,NA,NA,NA,NA,NA,NA
272,1,the,1,0,NA,NA,NA,NA,NA,NA,NA,NA,NA,NA,NA,NA,NA
272,1,world,1,1,0,0,0,0,0,0,0,0,0,0,0,0,0
273,1,genesis,1,1,0,0,0,0,0,0,0,0,0,0,0,0,0
273,1,world,1,1,0,0,0,0,0,0,0,0,0,0,0,0,0
274,1,concert,1,1,0,0,0,0,0,0,0,0,0,0,0,0,0
274,1,genesis,1,1,0,0,0,0,0,0,0,0,0,0,0,0,0
275,1,concert,1,1,0,0,0,0,0,0,0,0,0,0,0,0,0
275,1,ticket,1,1,0,0,0,0,0,0,0,0,0,0,0,0,0
276,1,ticket,1,1,0,0,0,0,0,0,0,0,0,0,0,0,0
277,1,jul,1,1,0,0,0,0,0,0,0,0,0,0,0,0,0
278,1,1978,1,0,NA,NA,NA,NA,NA,NA,NA,NA,NA,NA,NA,NA,NA
278,1,jul,1,1,0,0,0,0,0,0,0,0,0,0,0,0,0
279,1,1978,1,0,NA,NA,NA,NA,NA,NA,NA,NA,NA,NA,NA,NA,NA
279,1,madison,1,1,0,0,0,0,0,0,0,0,0,0,0,0,0
280,1,madison,1,1,0,0,0,0,0,0,0,0,0,0,0,0,0
280,1,square,1,1,1,0,1,0,0,0,0,0,0,0,0,0,0
281,1,garden,1,1,0,0,0,0,0,0,0,0,0,0,0,0,0
281,1,square,1,1,1,0,1,0,0,0,0,0,0,0,0,0,0
282,1,garden,1,1,0,0,0,0,0,0,0,0,0,0,0,0,0
282,1,new,1,1,0,0,0,0,0,0,0,0,0,0,0,0,0
283,1,new,1,1,0,0,0,0,0,0,0,0,0,0,0,0,0
283,1,york,1,1,0,0,0,0,0,0,0,0,0,0,0,0,0
284,1,find,1,1,0,0,0,0,0,0,0,0,0,0,0,0,0
284,1,york,1,1,0,0,0,0,0,0,0,0,0,0,0,0,0
285,1,find,1,1,0,0,0,0,0,0,0,0,0,0,0,0,0
285,1,many,1,1,0,0,0,0,0,0,0,0,0,0,0,0,0
286,1,great,1,1,1,0,1,0,0,0,1,0,1,0,1,0,1
286,1,many,1,1,0,0,0,0,0,0,0,0,0,0,0,0,0
287,1,great,1,1,1,0,1,0,0,0,1,0,1,0,1,0,1
287,1,new,1,1,0,0,0,0,0,0,0,0,0,0,0,0,0
288,1,new,1,1,0,0,0,0,0,0,0,0,0,0,0,0,0
289,1,used,1,1,1,0,1,0,0,0,0,0,0,0,1,0,1
290,1,options,1,1,1,0,1,0,0,0,0,0,0,0,0,0,0
290,1,used,1,1,1,0,1,0,0,0,0,0,0,0,1,0,1
291,1,and,1,0,NA,NA,NA,NA,NA,NA,NA,NA,NA,NA,NA,NA,NA
291,1,options,1,1,1,0,1,0,0,0,0,0,0,0,0,0,0
292,1,and,1,0,NA,NA,NA,NA,NA,NA,NA,NA,NA,NA,NA,NA,NA
292,1,get,1,1,-1,1,0,0,0,0,0,0,0,0,0,0,0
293,1,get,1,1,-1,1,0,0,0,0,0,0,0,0,0,0,0
293,1,the,1,0,NA,NA,NA,NA,NA,NA,NA,NA,NA,NA,NA,NA,NA
294,1,best,1,1,1,0,1,1,0,1,1,0,1,0,1,0,1
294,1,the,1,0,NA,NA,NA,NA,NA,NA,NA,NA,NA,NA,NA,NA,NA
295,1,best,1,1,1,0,1,1,0,1,1,0,1,0,1,0,1
295,1,deals,1,1,0,1,1,0,0,0,0,0,0,0,0,0,0
296,1,deals,1,1,0,1,1,0,0,0,0,0,0,0,0,0,0
296,1,for,1,0,NA,NA,NA,NA,NA,NA,NA,NA,NA,NA,NA,NA,NA
297,1,for,1,0,NA,NA,NA,NA,NA,NA,NA,NA,NA,NA,NA,NA,NA
297,1,genesis,1,1,0,0,0,0,0,0,0,0,0,0,0,0,0
298,1,concert,1,1,0,0,0,0,0,0,0,0,0,0,0,0,0
298,1,genesis,1,1,0,0,0,0,0,0,0,0,0,0,0,0,0
299,1,concert,1,1,0,0,0,0,0,0,0,0,0,0,0,0,0
299,1,ticket,1,1,0,0,0,0,0,0,0,0,0,0,0,0,0
300,1,ticket,1,1,0,0,0,0,0,0,0,0,0,0,0,0,0
301,1,jul,1,1,0,0,0,0,0,0,0,0,0,0,0,0,0
302,1,1978,1,0,NA,NA,NA,NA,NA,NA,NA,NA,NA,NA,NA,NA,NA
302,1,jul,1,1,0,0,0,0,0,0,0,0,0,0,0,0,0
303,1,1978,1,0,NA,NA,NA,NA,NA,NA,NA,NA,NA,NA,NA,NA,NA
303,1,madison,1,1,0,0,0,0,0,0,0,0,0,0,0,0,0
304,1,madison,1,1,0,0,0,0,0,0,0,0,0,0,0,0,0
304,1,square,1,1,1,0,1,0,0,0,0,0,0,0,0,0,0
305,1,garden,1,1,0,0,0,0,0,0,0,0,0,0,0,0,0
305,1,square,1,1,1,0,1,0,0,0,0,0,0,0,0,0,0
306,1,garden,1,1,0,0,0,0,0,0,0,0,0,0,0,0,0
306,1,new,1,1,0,0,0,0,0,0,0,0,0,0,0,0,0
307,1,new,1,1,0,0,0,0,0,0,0,0,0,0,0,0,0
307,1,york,1,1,0,0,0,0,0,0,0,0,0,0,0,0,0
308,1,york,1,1,0,0,0,0,0,0,0,0,0,0,0,0,0
309,1,the,1,0,NA,NA,NA,NA,NA,NA,NA,NA,NA,NA,NA,NA,NA
310,1,best,1,1,1,0,1,1,0,1,1,0,1,0,1,0,1
310,1,the,1,0,NA,NA,NA,NA,NA,NA,NA,NA,NA,NA,NA,NA,NA
311,1,best,1,1,1,0,1,1,0,1,1,0,1,0,1,0,1
311,1,online,1,1,0,0,0,0,0,0,0,0,0,0,0,0,0
312,1,online,1,1,0,0,0,0,0,0,0,0,0,0,0,0,0
312,1,prices,1,1,0,0,0,0,0,0,0,0,0,0,0,0,0
313,1,prices,1,1,0,0,0,0,0,0,0,0,0,0,0,0,0
314,1,ebay,1,1,0,0,0,0,0,0,0,0,0,0,0,0,0
315,1,ebay,1,1,0,0,0,0,0,0,0,0,0,0,0,0,0
315,1,free,1,1,1,0,1,0,0,0,0,0,0,0,1,0,1
316,1,delivery,1,1,0,0,0,0,0,0,0,0,0,0,0,0,0
316,1,free,1,1,1,0,1,0,0,0,0,0,0,0,1,0,1
317,1,delivery,1,1,0,0,0,0,0,0,0,0,0,0,0,0,0
317,1,for,1,0,NA,NA,NA,NA,NA,NA,NA,NA,NA,NA,NA,NA,NA
318,1,for,1,0,NA,NA,NA,NA,NA,NA,NA,NA,NA,NA,NA,NA,NA
318,1,many,1,1,0,0,0,0,0,0,0,0,0,0,0,0,0
319,1,many,1,1,0,0,0,0,0,0,0,0,0,0,0,0,0
319,1,products,1,1,1,0,1,0,0,0,0,0,0,0,1,0,1
320,1,products,1,1,1,0,1,0,0,0,0,0,0,0,1,0,1
320,1,the,1,0,NA,NA,NA,NA,NA,NA,NA,NA,NA,NA,NA,NA,NA
321,1,king,1,1,0,0,0,0,0,0,0,0,0,0,0,0,0
321,1,the,1,0,NA,NA,NA,NA,NA,NA,NA,NA,NA,NA,NA,NA,NA
322,1,king,1,1,0,0,0,0,0,0,0,0,0,0,0,0,0
322,1,live,1,1,1,0,1,0,0,0,0,0,0,0,1,0,1
323,1,live,1,1,1,0,1,0,0,0,0,0,0,0,1,0,1
324,1,madison,1,1,0,0,0,0,0,0,0,0,0,0,0,0,0
325,1,madison,1,1,0,0,0,0,0,0,0,0,0,0,0,0,0
325,1,square,1,1,1,0,1,0,0,0,0,0,0,0,0,0,0
326,1,garden,1,1,0,0,0,0,0,0,0,0,0,0,0,0,0
326,1,square,1,1,1,0,1,0,0,0,0,0,0,0,0,0,0
327,1,1972,1,0,NA,NA,NA,NA,NA,NA,NA,NA,NA,NA,NA,NA,NA
327,1,garden,1,1,0,0,0,0,0,0,0,0,0,0,0,0,0
328,1,1972,1,0,NA,NA,NA,NA,NA,NA,NA,NA,NA,NA,NA,NA,NA
328,1,elvis,1,1,0,0,0,0,0,0,0,0,0,0,0,0,0
329,1,elvis,1,1,0,0,0,0,0,0,0,0,0,0,0,0,0
330,1,concert,1,1,0,0,0,0,0,0,0,0,0,0,0,0,0
331,1,concert,1,1,0,0,0,0,0,0,0,0,0,0,0,0,0
331,1,day,1,1,0,0,0,0,0,0,0,0,0,0,0,0,0
332,1,2…,1,0,NA,NA,NA,NA,NA,NA,NA,NA,NA,NA,NA,NA,NA
332,1,day,1,1,0,0,0,0,0,0,0,0,0,0,0,0,0
333,1,2…,1,0,NA,NA,NA,NA,NA,NA,NA,NA,NA,NA,NA,NA,NA
333,1,hello,1,1,0,0,0,0,0,0,0,0,0,0,0,0,0
334,1,hello,1,1,0,0,0,0,0,0,0,0,0,0,0,0,0
335,1,friends,1,1,1,0,1,0,0,0,1,0,1,0,1,0,1
336,1,another,1,1,0,0,0,0,0,0,0,0,0,0,0,0,0
336,1,friends,1,1,1,0,1,0,0,0,1,0,1,0,1,0,1
337,1,another,1,1,0,0,0,0,0,0,0,0,0,0,0,0,0
337,1,one,1,1,0,0,0,0,0,0,0,0,0,0,0,0,0
338,1,from,1,0,NA,NA,NA,NA,NA,NA,NA,NA,NA,NA,NA,NA,NA
338,1,one,1,1,0,0,0,0,0,0,0,0,0,0,0,0,0
339,1,from,1,0,NA,NA,NA,NA,NA,NA,NA,NA,NA,NA,NA,NA,NA
339,1,the,1,0,NA,NA,NA,NA,NA,NA,NA,NA,NA,NA,NA,NA,NA
340,1,the,1,0,NA,NA,NA,NA,NA,NA,NA,NA,NA,NA,NA,NA,NA
340,1,vault,1,1,0,0,0,0,0,0,0,0,0,0,0,0,0
341,1,vault,1,1,0,0,0,0,0,0,0,0,0,0,0,0,0
343,1,nyc,1,1,0,0,0,0,0,0,0,0,0,0,0,0,0
344,1,day,1,1,0,0,0,0,0,0,0,0,0,0,0,0,0
344,1,nyc,1,1,0,0,0,0,0,0,0,0,0,0,0,0,0
345,1,day,1,1,0,0,0,0,0,0,0,0,0,0,0,0,0
346,1,early,1,1,0,0,0,0,0,0,0,0,0,0,0,0,0
347,1,early,1,1,0,0,0,0,0,0,0,0,0,0,0,0,0
347,1,show,1,1,-1,1,0,0,0,0,0,0,0,0,0,0,0
348,1,content,1,1,1,0,1,0,0,0,-1,1,0,0,0,1,1
348,1,show,1,1,-1,1,0,0,0,0,0,0,0,0,0,0,0
349,1,content,1,1,1,0,1,0,0,0,-1,1,0,0,0,1,1
349,1,for,1,0,NA,NA,NA,NA,NA,NA,NA,NA,NA,NA,NA,NA,NA
350,1,educational,1,1,1,0,1,0,0,0,0,0,0,0,1,0,1
350,1,for,1,0,NA,NA,NA,NA,NA,NA,NA,NA,NA,NA,NA,NA,NA
351,1,educational,1,1,1,0,1,0,0,0,0,0,0,0,1,0,1
352,1,historic,1,1,0,0,0,0,0,0,0,0,0,0,0,0,0
353,1,historic,1,1,0,0,0,0,0,0,0,0,0,0,0,0,0
354,1,same,1,0,NA,NA,NA,NA,NA,NA,NA,NA,NA,NA,NA,NA,NA
355,1,same,1,0,NA,NA,NA,NA,NA,NA,NA,NA,NA,NA,NA,NA,NA
355,1,thing\,1,1,0,0,0,0,0,0,0,0,0,0,0,0,0
356,1,purposes,1,1,1,0,1,0,0,0,0,0,0,0,1,0,1
356,1,thing\,1,1,0,0,0,0,0,0,0,0,0,0,0,0,0
357,1,only,1,0,NA,NA,NA,NA,NA,NA,NA,NA,NA,NA,NA,NA,NA
357,1,purposes,1,1,1,0,1,0,0,0,0,0,0,0,1,0,1
358,1,enjoy,1,1,1,0,1,1,0,1,1,0,1,0,1,0,1
358,1,only,1,0,NA,NA,NA,NA,NA,NA,NA,NA,NA,NA,NA,NA,NA
359,1,enjoy,1,1,1,0,1,1,0,1,1,0,1,0,1,0,1
360,1,1983,1,0,NA,NA,NA,NA,NA,NA,NA,NA,NA,NA,NA,NA,NA
361,1,1983,1,0,NA,NA,NA,NA,NA,NA,NA,NA,NA,NA,NA,NA,NA
362,1,was,1,0,NA,NA,NA,NA,NA,NA,NA,NA,NA,NA,NA,NA,NA
363,1,invited,1,1,1,0,1,0,0,0,0,0,0,0,0,0,0
363,1,was,1,0,NA,NA,NA,NA,NA,NA,NA,NA,NA,NA,NA,NA,NA
364,1,invited,1,1,1,0,1,0,0,0,0,0,0,0,0,0,0
366,1,sky,1,1,0,0,0,0,0,0,0,0,0,0,0,0,0
367,1,booth,1,1,0,0,0,0,0,0,0,0,0,0,0,0,0
367,1,sky,1,1,0,0,0,0,0,0,0,0,0,0,0,0,0
368,1,booth,1,1,0,0,0,0,0,0,0,0,0,0,0,0,0
369,1,madison,1,1,0,0,0,0,0,0,0,0,0,0,0,0,0
370,1,madison,1,1,0,0,0,0,0,0,0,0,0,0,0,0,0
370,1,square,1,1,1,0,1,0,0,0,0,0,0,0,0,0,0
371,1,garden,1,1,0,0,0,0,0,0,0,0,0,0,0,0,0
371,1,square,1,1,1,0,1,0,0,0,0,0,0,0,0,0,0
372,1,and,1,0,NA,NA,NA,NA,NA,NA,NA,NA,NA,NA,NA,NA,NA
372,1,garden,1,1,0,0,0,0,0,0,0,0,0,0,0,0,0
373,1,and,1,0,NA,NA,NA,NA,NA,NA,NA,NA,NA,NA,NA,NA,NA
373,1,witnessed,1,1,0,0,0,0,0,0,0,0,0,0,0,0,0
374,1,this,1,0,NA,NA,NA,NA,NA,NA,NA,NA,NA,NA,NA,NA,NA
374,1,witnessed,1,1,0,0,0,0,0,0,0,0,0,0,0,0,0
375,1,concert,1,1,0,0,0,0,0,0,0,0,0,0,0,0,0
375,1,this,1,0,NA,NA,NA,NA,NA,NA,NA,NA,NA,NA,NA,NA,NA
376,1,concert,1,1,0,0,0,0,0,0,0,0,0,0,0,0,0
377,1,person,1,1,0,0,0,0,0,0,0,0,0,0,1,0,1
378,1,jimmy,1,1,0,0,0,0,0,0,0,0,0,0,0,0,0
378,1,person,1,1,0,0,0,0,0,0,0,0,0,0,1,0,1
379,1,jimmy,1,1,0,0,0,0,0,0,0,0,0,0,0,0,0
379,1,page,1,1,0,0,0,0,0,0,0,0,0,0,0,0,0
380,1,eric,1,1,0,0,0,0,0,0,0,0,0,0,0,0,0
380,1,page,1,1,0,0,0,0,0,0,0,0,0,0,0,0,0
381,1,clapton,1,1,0,0,0,0,0,0,0,0,0,0,0,0,0
381,1,eric,1,1,0,0,0,0,0,0,0,0,0,0,0,0,0
382,1,and,1,0,NA,NA,NA,NA,NA,NA,NA,NA,NA,NA,NA,NA,NA
382,1,clapton,1,1,0,0,0,0,0,0,0,0,0,0,0,0,0
383,1,and,1,0,NA,NA,NA,NA,NA,NA,NA,NA,NA,NA,NA,NA,NA
383,1,jeff,1,1,0,0,0,0,0,0,0,0,0,0,0,0,0
384,1,beck,1,1,0,0,0,0,0,0,0,0,0,0,0,0,0
384,1,jeff,1,1,0,0,0,0,0,0,0,0,0,0,0,0,0
385,1,beck,1,1,0,0,0,0,0,0,0,0,0,0,0,0,0
385,1,page,1,1,0,0,0,0,0,0,0,0,0,0,0,0,0
386,1,page,1,1,0,0,0,0,0,0,0,0,0,0,0,0,0
386,1,was,1,0,NA,NA,NA,NA,NA,NA,NA,NA,NA,NA,NA,NA,NA
387,1,lyrical,1,1,1,0,1,0,0,0,0,0,0,0,1,0,1
387,1,was,1,0,NA,NA,NA,NA,NA,NA,NA,NA,NA,NA,NA,NA,NA
388,1,clapton,1,1,0,0,0,0,0,0,0,0,0,0,0,0,0
388,1,lyrical,1,1,1,0,1,0,0,0,0,0,0,0,1,0,1
389,1,clapton,1,1,0,0,0,0,0,0,0,0,0,0,0,0,0
389,1,was,1,0,NA,NA,NA,NA,NA,NA,NA,NA,NA,NA,NA,NA,NA
390,1,forceful,1,1,-1,1,0,0,0,0,-1,1,0,0,-1,1,0
390,1,was,1,0,NA,NA,NA,NA,NA,NA,NA,NA,NA,NA,NA,NA,NA
391,1,and,1,0,NA,NA,NA,NA,NA,NA,NA,NA,NA,NA,NA,NA,NA
391,1,forceful,1,1,-1,1,0,0,0,0,-1,1,0,0,-1,1,0
392,1,and,1,0,NA,NA,NA,NA,NA,NA,NA,NA,NA,NA,NA,NA,NA
392,1,jeff,1,1,0,0,0,0,0,0,0,0,0,0,0,0,0
393,1,beck,1,1,0,0,0,0,0,0,0,0,0,0,0,0,0
393,1,jeff,1,1,0,0,0,0,0,0,0,0,0,0,0,0,0
394,1,beck,1,1,0,0,0,0,0,0,0,0,0,0,0,0,0
394,1,integrated,1,1,1,0,1,0,0,0,1,0,1,0,1,0,1
395,1,both,1,0,NA,NA,NA,NA,NA,NA,NA,NA,NA,NA,NA,NA,NA
395,1,integrated,1,1,1,0,1,0,0,0,1,0,1,0,1,0,1
396,1,both,1,0,NA,NA,NA,NA,NA,NA,NA,NA,NA,NA,NA,NA,NA
396,1,skills,1,1,1,0,1,0,0,0,0,0,0,0,1,0,1
397,1,and,1,0,NA,NA,NA,NA,NA,NA,NA,NA,NA,NA,NA,NA,NA
397,1,skills,1,1,1,0,1,0,0,0,0,0,0,0,1,0,1
398,1,and,1,0,NA,NA,NA,NA,NA,NA,NA,NA,NA,NA,NA,NA,NA
398,1,more,1,0,NA,NA,NA,NA,NA,NA,NA,NA,NA,NA,NA,NA,NA
399,1,more,1,0,NA,NA,NA,NA,NA,NA,NA,NA,NA,NA,NA,NA,NA
399,1,rip,1,1,-1,1,0,0,0,0,0,0,0,0,-1,1,0
400,1,jeff,1,1,0,0,0,0,0,0,0,0,0,0,0,0,0
400,1,rip,1,1,-1,1,0,0,0,0,0,0,0,0,-1,1,0
401,1,beck,1,1,0,0,0,0,0,0,0,0,0,0,0,0,0
401,1,jeff,1,1,0,0,0,0,0,0,0,0,0,0,0,0,0
402,1,beck,1,1,0,0,0,0,0,0,0,0,0,0,0,0,0
402,1,jimmy,1,1,0,0,0,0,0,0,0,0,0,0,0,0,0
403,1,jimmy,1,1,0,0,0,0,0,0,0,0,0,0,0,0,0
403,1,page/eric,1,1,0,0,0,0,0,0,0,0,0,0,0,0,0
404,1,clapton/jeff,1,1,0,0,0,0,0,0,0,0,0,0,0,0,0
404,1,page/eric,1,1,0,0,0,0,0,0,0,0,0,0,0,0,0
405,1,beck,1,1,0,0,0,0,0,0,0,0,0,0,0,0,0
405,1,clapton/jeff,1,1,0,0,0,0,0,0,0,0,0,0,0,0,0
406,1,beck,1,1,0,0,0,0,0,0,0,0,0,0,0,0,0
407,1,arms,1,1,0,0,0,0,0,0,0,0,0,0,0,0,0
408,1,1983,1,0,NA,NA,NA,NA,NA,NA,NA,NA,NA,NA,NA,NA,NA
408,1,arms,1,1,0,0,0,0,0,0,0,0,0,0,0,0,0
409,1,1983,1,0,NA,NA,NA,NA,NA,NA,NA,NA,NA,NA,NA,NA,NA
410,1,new,1,1,0,0,0,0,0,0,0,0,0,0,0,0,0
411,1,new,1,1,0,0,0,0,0,0,0,0,0,0,0,0,0
411,1,york,1,1,0,0,0,0,0,0,0,0,0,0,0,0,0
412,1,city…,1,1,0,0,0,0,0,0,0,0,0,0,0,0,0
412,1,york,1,1,0,0,0,0,0,0,0,0,0,0,0,0,0
413,1,city…,1,1,0,0,0,0,0,0,0,0,0,0,0,0,0
413,1,the,1,0,NA,NA,NA,NA,NA,NA,NA,NA,NA,NA,NA,NA,NA
414,1,ronnie,1,1,0,0,0,0,0,0,0,0,0,0,0,0,0
414,1,the,1,0,NA,NA,NA,NA,NA,NA,NA,NA,NA,NA,NA,NA,NA
415,1,lane,1,1,0,0,0,0,0,0,0,0,0,0,0,0,0
415,1,ronnie,1,1,0,0,0,0,0,0,0,0,0,0,0,0,0
416,1,appeal,1,1,1,0,1,0,0,0,0,0,0,0,1,0,1
416,1,lane,1,1,0,0,0,0,0,0,0,0,0,0,0,0,0
417,1,appeal,1,1,1,0,1,0,0,0,0,0,0,0,1,0,1
417,1,for,1,0,NA,NA,NA,NA,NA,NA,NA,NA,NA,NA,NA,NA,NA
418,1,action,1,1,0,0,0,0,0,0,0,0,0,0,0,0,0
418,1,for,1,0,NA,NA,NA,NA,NA,NA,NA,NA,NA,NA,NA,NA,NA
419,1,action,1,1,0,0,0,0,0,0,0,0,0,0,0,0,0
419,1,into,1,0,NA,NA,NA,NA,NA,NA,NA,NA,NA,NA,NA,NA,NA
420,1,into,1,0,NA,NA,NA,NA,NA,NA,NA,NA,NA,NA,NA,NA,NA
420,1,research,1,1,0,0,0,0,0,0,0,0,0,0,0,0,0
421,1,for,1,0,NA,NA,NA,NA,NA,NA,NA,NA,NA,NA,NA,NA,NA
421,1,research,1,1,0,0,0,0,0,0,0,0,0,0,0,0,0
422,1,for,1,0,NA,NA,NA,NA,NA,NA,NA,NA,NA,NA,NA,NA,NA
422,1,multiple,1,1,0,0,0,0,0,0,0,0,0,0,0,0,0
423,1,multiple,1,1,0,0,0,0,0,0,0,0,0,0,0,0,0
423,1,sclerosis,1,1,0,0,0,0,0,0,0,0,0,0,0,0,0
424,1,sclerosis,1,1,0,0,0,0,0,0,0,0,0,0,0,0,0
424,1,thursday,1,1,0,0,0,0,0,0,0,0,0,0,0,0,0
425,1,december,1,1,0,0,0,0,0,0,0,0,0,0,0,0,0
425,1,thursday,1,1,0,0,0,0,0,0,0,0,0,0,0,0,0
426,1,december,1,1,0,0,0,0,0,0,0,0,0,0,0,0,0
427,1,1983madison,1,1,0,0,0,0,0,0,0,0,0,0,0,0,0
428,1,1983madison,1,1,0,0,0,0,0,0,0,0,0,0,0,0,0
428,1,square,1,1,1,0,1,0,0,0,0,0,0,0,0,0,0
429,1,garden,1,1,0,0,0,0,0,0,0,0,0,0,0,0,0
429,1,square,1,1,1,0,1,0,0,0,0,0,0,0,0,0,0
430,1,garden,1,1,0,0,0,0,0,0,0,0,0,0,0,0,0
430,1,new,1,1,0,0,0,0,0,0,0,0,0,0,0,0,0
431,1,new,1,1,0,0,0,0,0,0,0,0,0,0,0,0,0
431,1,york,1,1,0,0,0,0,0,0,0,0,0,0,0,0,0
432,1,city,1,1,0,0,0,0,0,0,0,0,0,0,0,0,0
432,1,york,1,1,0,0,0,0,0,0,0,0,0,0,0,0,0
433,1,city,1,1,0,0,0,0,0,0,0,0,0,0,0,0,0
433,1,nyjimmy,1,1,0,0,0,0,0,0,0,0,0,0,0,0,0
434,1,nyjimmy,1,1,0,0,0,0,0,0,0,0,0,0,0,0,0
434,1,page,1,1,0,0,0,0,0,0,0,0,0,0,0,0,0
435,1,page,1,1,0,0,0,0,0,0,0,0,0,0,0,0,0
435,1,setprelud…,1,1,0,0,0,0,0,0,0,0,0,0,0,0,0
436,1,saw,1,1,0,0,0,0,0,0,0,0,0,0,0,0,0
436,1,setprelud…,1,1,0,0,0,0,0,0,0,0,0,0,0,0,0
437,1,jeff,1,1,0,0,0,0,0,0,0,0,0,0,0,0,0
437,1,saw,1,1,0,0,0,0,0,0,0,0,0,0,0,0,0
438,1,jeff,1,1,0,0,0,0,0,0,0,0,0,0,0,0,0
438,1,with,1,0,NA,NA,NA,NA,NA,NA,NA,NA,NA,NA,NA,NA,NA
439,1,clapton,1,1,0,0,0,0,0,0,0,0,0,0,0,0,0
439,1,with,1,0,NA,NA,NA,NA,NA,NA,NA,NA,NA,NA,NA,NA,NA
440,1,and,1,0,NA,NA,NA,NA,NA,NA,NA,NA,NA,NA,NA,NA,NA
440,1,clapton,1,1,0,0,0,0,0,0,0,0,0,0,0,0,0
441,1,and,1,0,NA,NA,NA,NA,NA,NA,NA,NA,NA,NA,NA,NA,NA
441,1,page,1,1,0,0,0,0,0,0,0,0,0,0,0,0,0
442,1,page,1,1,0,0,0,0,0,0,0,0,0,0,0,0,0
443,1,the,1,0,NA,NA,NA,NA,NA,NA,NA,NA,NA,NA,NA,NA,NA
444,1,arms,1,1,0,0,0,0,0,0,0,0,0,0,0,0,0
444,1,the,1,0,NA,NA,NA,NA,NA,NA,NA,NA,NA,NA,NA,NA,NA
445,1,arms,1,1,0,0,0,0,0,0,0,0,0,0,0,0,0
445,1,concert,1,1,0,0,0,0,0,0,0,0,0,0,0,0,0
446,1,concert,1,1,0,0,0,0,0,0,0,0,0,0,0,0,0
447,1,msg,1,1,0,0,0,0,0,0,0,0,0,0,0,0,0
448,1,msg,1,1,0,0,0,0,0,0,0,0,0,0,0,0,0
449,1,1983,1,0,NA,NA,NA,NA,NA,NA,NA,NA,NA,NA,NA,NA,NA
450,1,1983,1,0,NA,NA,NA,NA,NA,NA,NA,NA,NA,NA,NA,NA,NA
451,1,completely,1,1,1,0,1,0,0,0,0,0,0,0,0,0,0
452,1,completely,1,1,1,0,1,0,0,0,0,0,0,0,0,0,0
452,1,dominated,1,1,0,1,1,0,0,0,0,0,0,0,0,1,1
453,1,dominated,1,1,0,1,1,0,0,0,0,0,0,0,0,1,1
453,1,the,1,0,NA,NA,NA,NA,NA,NA,NA,NA,NA,NA,NA,NA,NA
454,1,show,1,1,-1,1,0,0,0,0,0,0,0,0,0,0,0
454,1,the,1,0,NA,NA,NA,NA,NA,NA,NA,NA,NA,NA,NA,NA,NA
455,1,show,1,1,-1,1,0,0,0,0,0,0,0,0,0,0,0
459,1,1983,1,0,NA,NA,NA,NA,NA,NA,NA,NA,NA,NA,NA,NA,NA
460,1,1983,1,0,NA,NA,NA,NA,NA,NA,NA,NA,NA,NA,NA,NA,NA
462,1,madison,1,1,0,0,0,0,0,0,0,0,0,0,0,0,0
463,1,madison,1,1,0,0,0,0,0,0,0,0,0,0,0,0,0
463,1,square,1,1,1,0,1,0,0,0,0,0,0,0,0,0,0
464,1,garden,1,1,0,0,0,0,0,0,0,0,0,0,0,0,0
464,1,square,1,1,1,0,1,0,0,0,0,0,0,0,0,0,0
465,1,garden,1,1,0,0,0,0,0,0,0,0,0,0,0,0,0
465,1,new,1,1,0,0,0,0,0,0,0,0,0,0,0,0,0
466,1,new,1,1,0,0,0,0,0,0,0,0,0,0,0,0,0
466,1,york,1,1,0,0,0,0,0,0,0,0,0,0,0,0,0
467,1,city,1,1,0,0,0,0,0,0,0,0,0,0,0,0,0
467,1,york,1,1,0,0,0,0,0,0,0,0,0,0,0,0,0
468,1,city,1,1,0,0,0,0,0,0,0,0,0,0,0,0,0
469,1,pro,1,1,1,0,1,0,0,0,0,0,0,0,0,0,0
470,1,pro,1,1,1,0,1,0,0,0,0,0,0,0,0,0,0
470,1,shot,1,1,-1,1,0,0,0,0,0,0,0,0,0,0,0
471,1,fantastic,1,1,1,0,1,0,0,0,1,0,1,0,1,0,1
471,1,shot,1,1,-1,1,0,0,0,0,0,0,0,0,0,0,0
472,1,concert,1,1,0,0,0,0,0,0,0,0,0,0,0,0,0
472,1,fantastic,1,1,1,0,1,0,0,0,1,0,1,0,1,0,1
473,1,concert,1,1,0,0,0,0,0,0,0,0,0,0,0,0,0
474,1,msg,1,1,0,0,0,0,0,0,0,0,0,0,0,0,0
475,1,msg,1,1,0,0,0,0,0,0,0,0,0,0,0,0,0
476,1,was,1,0,NA,NA,NA,NA,NA,NA,NA,NA,NA,NA,NA,NA,NA
477,1,lucky,1,1,1,0,1,0,0,0,0,0,0,0,1,0,1
477,1,was,1,0,NA,NA,NA,NA,NA,NA,NA,NA,NA,NA,NA,NA,NA
478,1,enough,1,1,0,0,0,0,0,0,0,0,0,0,1,0,1
478,1,lucky,1,1,1,0,1,0,0,0,0,0,0,0,1,0,1
479,1,enough,1,1,0,0,0,0,0,0,0,0,0,0,1,0,1
480,1,have,1,0,NA,NA,NA,NA,NA,NA,NA,NA,NA,NA,NA,NA,NA
481,1,attended,1,1,1,0,1,0,0,0,0,0,0,0,0,0,0
481,1,have,1,0,NA,NA,NA,NA,NA,NA,NA,NA,NA,NA,NA,NA,NA
482,1,attended,1,1,1,0,1,0,0,0,0,0,0,0,0,0,0
482,1,this,1,0,NA,NA,NA,NA,NA,NA,NA,NA,NA,NA,NA,NA,NA
483,1,show,1,1,-1,1,0,0,0,0,0,0,0,0,0,0,0
483,1,this,1,0,NA,NA,NA,NA,NA,NA,NA,NA,NA,NA,NA,NA,NA
484,1,jimmy,1,1,0,0,0,0,0,0,0,0,0,0,0,0,0
484,1,show,1,1,-1,1,0,0,0,0,0,0,0,0,0,0,0
485,1,jimmy,1,1,0,0,0,0,0,0,0,0,0,0,0,0,0
485,1,page,1,1,0,0,0,0,0,0,0,0,0,0,0,0,0
486,1,eric,1,1,0,0,0,0,0,0,0,0,0,0,0,0,0
486,1,page,1,1,0,0,0,0,0,0,0,0,0,0,0,0,0
487,1,clapton,1,1,0,0,0,0,0,0,0,0,0,0,0,0,0
487,1,eric,1,1,0,0,0,0,0,0,0,0,0,0,0,0,0
488,1,and,1,0,NA,NA,NA,NA,NA,NA,NA,NA,NA,NA,NA,NA,NA
488,1,clapton,1,1,0,0,0,0,0,0,0,0,0,0,0,0,0
489,1,and,1,0,NA,NA,NA,NA,NA,NA,NA,NA,NA,NA,NA,NA,NA
489,1,jeff,1,1,0,0,0,0,0,0,0,0,0,0,0,0,0
490,1,beck,1,1,0,0,0,0,0,0,0,0,0,0,0,0,0
490,1,jeff,1,1,0,0,0,0,0,0,0,0,0,0,0,0,0
491,1,beck,1,1,0,0,0,0,0,0,0,0,0,0,0,0,0
491,1,blowing,1,1,-1,1,0,0,0,0,0,0,0,0,-1,1,0
492,1,blowing,1,1,-1,1,0,0,0,0,0,0,0,0,-1,1,0
492,1,everyone,1,1,0,0,0,0,0,0,0,0,0,0,0,0,0
493,1,else,1,1,0,0,0,0,0,0,0,0,0,0,0,0,0
493,1,everyone,1,1,0,0,0,0,0,0,0,0,0,0,0,0,0
494,1,away,1,1,0,0,0,0,0,0,0,0,0,0,0,0,0
494,1,else,1,1,0,0,0,0,0,0,0,0,0,0,0,0,0
495,1,away,1,1,0,0,0,0,0,0,0,0,0,0,0,0,0
495,1,the,1,0,NA,NA,NA,NA,NA,NA,NA,NA,NA,NA,NA,NA,NA
496,1,best,1,1,1,0,1,1,0,1,1,0,1,0,1,0,1
496,1,the,1,0,NA,NA,NA,NA,NA,NA,NA,NA,NA,NA,NA,NA,NA
497,1,best,1,1,1,0,1,1,0,1,1,0,1,0,1,0,1
497,1,way,1,1,0,0,0,0,0,0,0,0,0,0,0,0,0
498,1,way,1,1,0,0,0,0,0,0,0,0,0,0,0,0,0
499,1,ask,1,1,0,0,0,0,0,0,0,0,0,0,0,0,0
500,1,ask,1,1,0,0,0,0,0,0,0,0,0,0,0,0,0
500,1,her,1,0,NA,NA,NA,NA,NA,NA,NA,NA,NA,NA,NA,NA,NA
501,1,friends,1,1,1,0,1,0,0,0,1,0,1,0,1,0,1
501,1,her,1,0,NA,NA,NA,NA,NA,NA,NA,NA,NA,NA,NA,NA,NA
502,1,for,1,0,NA,NA,NA,NA,NA,NA,NA,NA,NA,NA,NA,NA,NA
502,1,friends,1,1,1,0,1,0,0,0,1,0,1,0,1,0,1
503,1,for,1,0,NA,NA,NA,NA,NA,NA,NA,NA,NA,NA,NA,NA,NA
503,1,some,1,0,NA,NA,NA,NA,NA,NA,NA,NA,NA,NA,NA,NA,NA
504,1,eggs,1,1,0,0,0,0,0,0,0,0,0,0,0,0,0
504,1,some,1,0,NA,NA,NA,NA,NA,NA,NA,NA,NA,NA,NA,NA,NA
505,1,eggs,1,1,0,0,0,0,0,0,0,0,0,0,0,0,0
505,1,would,1,0,NA,NA,NA,NA,NA,NA,NA,NA,NA,NA,NA,NA,NA
506,1,would,1,0,NA,NA,NA,NA,NA,NA,NA,NA,NA,NA,NA,NA,NA
508,1,arrange,1,1,0,0,0,0,0,0,0,0,0,0,0,0,0
509,1,arrange,1,1,0,0,0,0,0,0,0,0,0,0,0,0,0
510,1,concert,1,1,0,0,0,0,0,0,0,0,0,0,0,0,0
511,1,and,1,0,NA,NA,NA,NA,NA,NA,NA,NA,NA,NA,NA,NA,NA
511,1,concert,1,1,0,0,0,0,0,0,0,0,0,0,0,0,0
512,1,and,1,0,NA,NA,NA,NA,NA,NA,NA,NA,NA,NA,NA,NA,NA
512,1,charm,1,1,1,0,1,0,0,0,0,0,0,0,1,0,1
513,1,charm,1,1,1,0,1,0,0,0,0,0,0,0,1,0,1
513,1,them,1,0,NA,NA,NA,NA,NA,NA,NA,NA,NA,NA,NA,NA,NA
514,1,all,1,0,NA,NA,NA,NA,NA,NA,NA,NA,NA,NA,NA,NA,NA
514,1,them,1,0,NA,NA,NA,NA,NA,NA,NA,NA,NA,NA,NA,NA,NA
515,1,all,1,0,NA,NA,NA,NA,NA,NA,NA,NA,NA,NA,NA,NA,NA
515,1,with,1,0,NA,NA,NA,NA,NA,NA,NA,NA,NA,NA,NA,NA,NA
516,1,her,1,0,NA,NA,NA,NA,NA,NA,NA,NA,NA,NA,NA,NA,NA
516,1,with,1,0,NA,NA,NA,NA,NA,NA,NA,NA,NA,NA,NA,NA,NA
517,1,her,1,0,NA,NA,NA,NA,NA,NA,NA,NA,NA,NA,NA,NA,NA
517,1,siren,1,1,0,0,0,0,0,0,0,0,0,0,0,0,0
518,1,siren,1,1,0,0,0,0,0,0,0,0,0,0,0,0,0
518,1,songs,1,1,0,0,0,0,0,0,0,0,0,0,0,0,0
519,1,songs,1,1,0,0,0,0,0,0,0,0,0,0,0,0,0
519,1,that,1,0,NA,NA,NA,NA,NA,NA,NA,NA,NA,NA,NA,NA,NA
520,1,that,1,0,NA,NA,NA,NA,NA,NA,NA,NA,NA,NA,NA,NA,NA
520,1,way,1,1,0,0,0,0,0,0,0,0,0,0,0,0,0
521,1,they,1,0,NA,NA,NA,NA,NA,NA,NA,NA,NA,NA,NA,NA,NA
521,1,way,1,1,0,0,0,0,0,0,0,0,0,0,0,0,0
522,1,couldn’t,1,1,0,0,0,0,0,0,0,0,0,0,0,0,0
522,1,they,1,0,NA,NA,NA,NA,NA,NA,NA,NA,NA,NA,NA,NA,NA
523,1,couldn’t,1,1,0,0,0,0,0,0,0,0,0,0,0,0,0
523,1,refuse,1,1,-1,1,0,0,0,0,-1,1,0,0,-1,1,0
524,1,her,1,0,NA,NA,NA,NA,NA,NA,NA,NA,NA,NA,NA,NA,NA
524,1,refuse,1,1,-1,1,0,0,0,0,-1,1,0,0,-1,1,0
525,1,her,1,0,NA,NA,NA,NA,NA,NA,NA,NA,NA,NA,NA,NA,NA
525,1,sing-sing,1,1,0,0,0,0,0,0,0,0,0,0,0,0,0
526,1,city,1,1,0,0,0,0,0,0,0,0,0,0,0,0,0
526,1,sing-sing,1,1,0,0,0,0,0,0,0,0,0,0,0,0,0
527,1,city,1,1,0,0,0,0,0,0,0,0,0,0,0,0,0
527,1,hadn’t,1,1,0,0,0,0,0,0,0,0,0,0,0,0,0
528,1,been,1,0,NA,NA,NA,NA,NA,NA,NA,NA,NA,NA,NA,NA,NA
528,1,hadn’t,1,1,0,0,0,0,0,0,0,0,0,0,0,0,0
529,1,been,1,0,NA,NA,NA,NA,NA,NA,NA,NA,NA,NA,NA,NA,NA
529,1,built,1,1,0,0,0,0,0,0,0,0,0,0,0,0,0
530,1,built,1,1,0,0,0,0,0,0,0,0,0,0,0,0,0
530,1,yet,1,1,0,0,0,0,0,0,0,0,0,0,0,0,0
531,1,yet,1,1,0,0,0,0,0,0,0,0,0,0,0,0,0
532,1,she,1,0,NA,NA,NA,NA,NA,NA,NA,NA,NA,NA,NA,NA,NA
533,1,she,1,0,NA,NA,NA,NA,NA,NA,NA,NA,NA,NA,NA,NA,NA
533,1,would,1,0,NA,NA,NA,NA,NA,NA,NA,NA,NA,NA,NA,NA,NA
534,1,just,1,1,1,0,1,0,0,0,0,0,0,0,1,0,1
534,1,would,1,0,NA,NA,NA,NA,NA,NA,NA,NA,NA,NA,NA,NA,NA
535,1,have,1,0,NA,NA,NA,NA,NA,NA,NA,NA,NA,NA,NA,NA,NA
535,1,just,1,1,1,0,1,0,0,0,0,0,0,0,1,0,1
536,1,have,1,0,NA,NA,NA,NA,NA,NA,NA,NA,NA,NA,NA,NA,NA
539,1,concert,1,1,0,0,0,0,0,0,0,0,0,0,0,0,0
540,1,concert,1,1,0,0,0,0,0,0,0,0,0,0,0,0,0
541,1,madison,1,1,0,0,0,0,0,0,0,0,0,0,0,0,0
542,1,madison,1,1,0,0,0,0,0,0,0,0,0,0,0,0,0
542,1,square,1,1,1,0,1,0,0,0,0,0,0,0,0,0,0
543,1,garden,1,1,0,0,0,0,0,0,0,0,0,0,0,0,0
543,1,square,1,1,1,0,1,0,0,0,0,0,0,0,0,0,0
544,1,garden,1,1,0,0,0,0,0,0,0,0,0,0,0,0,0
544,1,let,1,1,-1,1,0,0,0,0,0,0,0,0,0,0,0
545,1,let,1,1,-1,1,0,0,0,0,0,0,0,0,0,0,0
547,1,pas,1,1,0,0,0,0,0,0,0,0,0,0,0,0,0
548,1,faux,1,1,0,0,0,0,0,0,0,0,0,0,0,0,0
548,1,pas,1,1,0,0,0,0,0,0,0,0,0,0,0,0,0
549,1,faux,1,1,0,0,0,0,0,0,0,0,0,0,0,0,0
550,1,ressemblance,1,1,0,0,0,0,0,0,0,0,0,0,0,0,0
551,1,ressemblance,1,1,0,0,0,0,0,0,0,0,0,0,0,0,0
552,1,photo,1,1,0,0,0,0,0,0,0,0,0,0,0,0,0
553,1,photo,1,1,0,0,0,0,0,0,0,0,0,0,0,0,0
554,1,dû,1,0,NA,NA,NA,NA,NA,NA,NA,NA,NA,NA,NA,NA,NA
555,1,dû,1,0,NA,NA,NA,NA,NA,NA,NA,NA,NA,NA,NA,NA,NA
555,1,être,1,1,0,0,0,0,0,0,0,0,0,0,0,0,0
556,1,prise,1,1,0,0,0,0,0,0,0,0,0,0,0,0,0
556,1,être,1,1,0,0,0,0,0,0,0,0,0,0,0,0,0
557,1,lors,1,1,0,0,0,0,0,0,0,0,0,0,0,0,0
557,1,prise,1,1,0,0,0,0,0,0,0,0,0,0,0,0,0
558,1,lors,1,1,0,0,0,0,0,0,0,0,0,0,0,0,0
559,1,concert,1,1,0,0,0,0,0,0,0,0,0,0,0,0,0
560,1,concert,1,1,0,0,0,0,0,0,0,0,0,0,0,0,0
561,1,madison,1,1,0,0,0,0,0,0,0,0,0,0,0,0,0
562,1,madison,1,1,0,0,0,0,0,0,0,0,0,0,0,0,0
562,1,square,1,1,1,0,1,0,0,0,0,0,0,0,0,0,0
563,1,garden,1,1,0,0,0,0,0,0,0,0,0,0,0,0,0
563,1,square,1,1,1,0,1,0,0,0,0,0,0,0,0,0,0
564,1,garden,1,1,0,0,0,0,0,0,0,0,0,0,0,0,0
564,1,pour,1,1,0,0,0,0,0,0,0,0,0,0,0,0,0
565,1,les,1,1,0,0,0,0,0,0,0,0,0,0,0,0,0
565,1,pour,1,1,0,0,0,0,0,0,0,0,0,0,0,0,0
566,1,les,1,1,0,0,0,0,0,0,0,0,0,0,0,0,0
567,1,ans,1,0,NA,NA,NA,NA,NA,NA,NA,NA,NA,NA,NA,NA,NA
568,1,ans,1,0,NA,NA,NA,NA,NA,NA,NA,NA,NA,NA,NA,NA,NA
569,1,bowie,1,1,0,0,0,0,0,0,0,0,0,0,0,0,0
570,1,auquel,1,1,0,0,0,0,0,0,0,0,0,0,0,0,0
570,1,bowie,1,1,0,0,0,0,0,0,0,0,0,0,0,0,0
571,1,auquel,1,1,0,0,0,0,0,0,0,0,0,0,0,0,0
571,1,participaient,1,1,0,0,0,0,0,0,0,0,0,0,0,0,0
572,1,les,1,1,0,0,0,0,0,0,0,0,0,0,0,0,0
572,1,participaient,1,1,0,0,0,0,0,0,0,0,0,0,0,0,0
573,1,les,1,1,0,0,0,0,0,0,0,0,0,0,0,0,0
575,1,peu,1,1,0,0,0,0,0,0,0,0,0,0,0,0,0
576,1,peu,1,1,0,0,0,0,0,0,0,0,0,0,0,0,0
577,1,#musique,1,1,0,0,0,0,0,0,0,0,0,0,0,0,0
578,1,#musique,1,1,0,0,0,0,0,0,0,0,0,0,0,0,0
578,1,pour,1,1,0,0,0,0,0,0,0,0,0,0,0,0,0
579,1,pour,1,1,0,0,0,0,0,0,0,0,0,0,0,0,0
580,1,#weekend,1,1,0,0,0,0,0,0,0,0,0,0,0,0,0
581,1,#davidbowie,1,1,0,0,0,0,0,0,0,0,0,0,0,0,0
581,1,#weekend,1,1,0,0,0,0,0,0,0,0,0,0,0,0,0
582,1,#davidbowie,1,1,0,0,0,0,0,0,0,0,0,0,0,0,0
582,1,1947-2016,1,0,NA,NA,NA,NA,NA,NA,NA,NA,NA,NA,NA,NA,NA
583,1,1947-2016,1,0,NA,NA,NA,NA,NA,NA,NA,NA,NA,NA,NA,NA,NA
583,1,interprète,1,1,0,0,0,0,0,0,0,0,0,0,0,0,0
584,1,interprète,1,1,0,0,0,0,0,0,0,0,0,0,0,0,0
584,1,simon,1,1,0,0,0,0,0,0,0,0,0,0,0,0,0
585,1,simon,1,1,0,0,0,0,0,0,0,0,0,0,0,0,0
586,1,garfunkel,1,1,0,0,0,0,0,0,0,0,0,0,0,0,0
587,1,garfunkel,1,1,0,0,0,0,0,0,0,0,0,0,0,0,0
588,1,madison,1,1,0,0,0,0,0,0,0,0,0,0,0,0,0
589,1,madison,1,1,0,0,0,0,0,0,0,0,0,0,0,0,0
589,1,square,1,1,1,0,1,0,0,0,0,0,0,0,0,0,0
590,1,garden,1,1,0,0,0,0,0,0,0,0,0,0,0,0,0
590,1,square,1,1,1,0,1,0,0,0,0,0,0,0,0,0,0
591,1,garden,1,1,0,0,0,0,0,0,0,0,0,0,0,0,0
591,1,lors,1,1,0,0,0,0,0,0,0,0,0,0,0,0,0
592,1,lors,1,1,0,0,0,0,0,0,0,0,0,0,0,0,0
593,1,concert,1,1,0,0,0,0,0,0,0,0,0,0,0,0,0
594,1,concert,1,1,0,0,0,0,0,0,0,0,0,0,0,0,0
594,1,for,1,0,NA,NA,NA,NA,NA,NA,NA,NA,NA,NA,NA,NA,NA
595,1,for,1,0,NA,NA,NA,NA,NA,NA,NA,NA,NA,NA,NA,NA,NA
595,1,new,1,1,0,0,0,0,0,0,0,0,0,0,0,0,0
596,1,new,1,1,0,0,0,0,0,0,0,0,0,0,0,0,0
596,1,york,1,1,0,0,0,0,0,0,0,0,0,0,0,0,0
597,1,city,1,1,0,0,0,0,0,0,0,0,0,0,0,0,0
597,1,york,1,1,0,0,0,0,0,0,0,0,0,0,0,0,0
598,1,city,1,1,0,0,0,0,0,0,0,0,0,0,0,0,0
598,1,sobre,1,1,0,0,0,0,0,0,0,0,0,0,0,0,0
599,1,classique,1,1,0,0,0,0,0,0,0,0,0,0,0,0,0
599,1,sobre,1,1,0,0,0,0,0,0,0,0,0,0,0,0,0
600,1,classique,1,1,0,0,0,0,0,0,0,0,0,0,0,0,0
600,1,émouvant,1,1,0,0,0,0,0,0,0,0,0,0,0,0,0
601,1,imparable,1,1,0,0,0,0,0,0,0,0,0,0,0,0,0
601,1,émouvant,1,1,0,0,0,0,0,0,0,0,0,0,0,0,0
602,1,david,1,1,0,0,0,0,0,0,0,0,0,0,0,0,0
602,1,imparable,1,1,0,0,0,0,0,0,0,0,0,0,0,0,0
603,1,bowie,1,1,0,0,0,0,0,0,0,0,0,0,0,0,0
603,1,david,1,1,0,0,0,0,0,0,0,0,0,0,0,0,0
604,1,bowie,1,1,0,0,0,0,0,0,0,0,0,0,0,0,0
605,1,america,1,1,0,0,0,0,0,0,0,0,0,0,0,0,0
606,1,america,1,1,0,0,0,0,0,0,0,0,0,0,0,0,0
606,1,simon,1,1,0,0,0,0,0,0,0,0,0,0,0,0,0
607,1,simon,1,1,0,0,0,0,0,0,0,0,0,0,0,0,0
608,1,garfunkel,1,1,0,0,0,0,0,0,0,0,0,0,0,0,0
609,1,cover,1,1,0,0,0,0,0,0,0,0,0,0,0,0,0
609,1,garfunkel,1,1,0,0,0,0,0,0,0,0,0,0,0,0,0
610,1,cover,1,1,0,0,0,0,0,0,0,0,0,0,0,0,0
611,1,song,1,1,0,0,0,0,0,0,0,0,0,0,0,0,0
612,1,song,1,1,0,0,0,0,0,0,0,0,0,0,0,0,0
613,1,simon,1,1,0,0,0,0,0,0,0,0,0,0,0,0,0
614,1,simon,1,1,0,0,0,0,0,0,0,0,0,0,0,0,0
615,1,garfunkel,1,1,0,0,0,0,0,0,0,0,0,0,0,0,0
616,1,garfunkel,1,1,0,0,0,0,0,0,0,0,0,0,0,0,0
616,1,performed,1,1,0,0,0,0,0,0,0,0,0,0,0,0,0
617,1,performed,1,1,0,0,0,0,0,0,0,0,0,0,0,0,0
618,1,david,1,1,0,0,0,0,0,0,0,0,0,0,0,0,0
619,1,bowie,1,1,0,0,0,0,0,0,0,0,0,0,0,0,0
619,1,david,1,1,0,0,0,0,0,0,0,0,0,0,0,0,0
620,1,bowie,1,1,0,0,0,0,0,0,0,0,0,0,0,0,0
621,1,the,1,0,NA,NA,NA,NA,NA,NA,NA,NA,NA,NA,NA,NA,NA
622,1,concert,1,1,0,0,0,0,0,0,0,0,0,0,0,0,0
622,1,the,1,0,NA,NA,NA,NA,NA,NA,NA,NA,NA,NA,NA,NA,NA
623,1,concert,1,1,0,0,0,0,0,0,0,0,0,0,0,0,0
623,1,for,1,0,NA,NA,NA,NA,NA,NA,NA,NA,NA,NA,NA,NA,NA
624,1,for,1,0,NA,NA,NA,NA,NA,NA,NA,NA,NA,NA,NA,NA,NA
624,1,new,1,1,0,0,0,0,0,0,0,0,0,0,0,0,0
625,1,new,1,1,0,0,0,0,0,0,0,0,0,0,0,0,0
625,1,york,1,1,0,0,0,0,0,0,0,0,0,0,0,0,0
626,1,city,1,1,0,0,0,0,0,0,0,0,0,0,0,0,0
626,1,york,1,1,0,0,0,0,0,0,0,0,0,0,0,0,0
627,1,city,1,1,0,0,0,0,0,0,0,0,0,0,0,0,0
628,1,2001,1,0,NA,NA,NA,NA,NA,NA,NA,NA,NA,NA,NA,NA,NA
629,1,2001,1,0,NA,NA,NA,NA,NA,NA,NA,NA,NA,NA,NA,NA,NA
630,1,self-made,1,1,0,0,0,0,0,0,0,0,0,0,0,0,0
631,1,clip,1,1,0,0,0,0,0,0,0,0,0,0,0,0,0
631,1,self-made,1,1,0,0,0,0,0,0,0,0,0,0,0,0,0
632,1,clip,1,1,0,0,0,0,0,0,0,0,0,0,0,0,0
632,1,created,1,1,1,0,1,0,0,0,0,0,0,0,0,0,0
633,1,created,1,1,1,0,1,0,0,0,0,0,0,0,0,0,0
633,1,entirely,1,1,0,0,0,0,0,0,0,0,0,0,0,0,0
634,1,entirely,1,1,0,0,0,0,0,0,0,0,0,0,0,0,0
634,1,from,1,0,NA,NA,NA,NA,NA,NA,NA,NA,NA,NA,NA,NA,NA
635,1,from,1,0,NA,NA,NA,NA,NA,NA,NA,NA,NA,NA,NA,NA,NA
635,1,the,1,0,NA,NA,NA,NA,NA,NA,NA,NA,NA,NA,NA,NA,NA
636,1,footage,1,1,0,0,0,0,0,0,0,0,0,0,0,0,0
636,1,the,1,0,NA,NA,NA,NA,NA,NA,NA,NA,NA,NA,NA,NA,NA
637,1,footage,1,1,0,0,0,0,0,0,0,0,0,0,0,0,0
638,1,the,1,0,NA,NA,NA,NA,NA,NA,NA,NA,NA,NA,NA,NA,NA
639,1,origi,1,1,0,0,0,0,0,0,0,0,0,0,0,0,0
639,1,the,1,0,NA,NA,NA,NA,NA,NA,NA,NA,NA,NA,NA,NA,NA
640,1,origi,1,1,0,0,0,0,0,0,0,0,0,0,0,0,0
640,1,wings,1,1,0,0,0,0,0,0,0,0,0,0,0,0,0
641,1,over,1,0,NA,NA,NA,NA,NA,NA,NA,NA,NA,NA,NA,NA,NA
641,1,wings,1,1,0,0,0,0,0,0,0,0,0,0,0,0,0
642,1,america,1,1,0,0,0,0,0,0,0,0,0,0,0,0,0
642,1,over,1,0,NA,NA,NA,NA,NA,NA,NA,NA,NA,NA,NA,NA,NA
643,1,america,1,1,0,0,0,0,0,0,0,0,0,0,0,0,0
643,1,good,1,1,1,0,1,1,0,1,1,0,1,0,1,0,1
644,1,evening,1,1,0,1,1,0,0,0,0,0,0,0,1,0,1
644,1,good,1,1,1,0,1,1,0,1,1,0,1,0,1,0,1
645,1,evening,1,1,0,1,1,0,0,0,0,0,0,0,1,0,1
645,1,new,1,1,0,0,0,0,0,0,0,0,0,0,0,0,0
646,1,new,1,1,0,0,0,0,0,0,0,0,0,0,0,0,0
646,1,york,1,1,0,0,0,0,0,0,0,0,0,0,0,0,0
647,1,city,1,1,0,0,0,0,0,0,0,0,0,0,0,0,0
647,1,york,1,1,0,0,0,0,0,0,0,0,0,0,0,0,0
648,1,city,1,1,0,0,0,0,0,0,0,0,0,0,0,0,0
648,1,queen,1,1,0,0,0,0,0,0,0,0,0,0,0,0,0
649,1,queen,1,1,0,0,0,0,0,0,0,0,0,0,0,0,0
649,1,rock,1,1,0,0,0,0,0,0,0,0,0,0,0,0,0
650,1,montreal,1,1,0,0,0,0,0,0,0,0,0,0,0,0,0
650,1,rock,1,1,0,0,0,0,0,0,0,0,0,0,0,0,0
651,1,get,1,1,-1,1,0,0,0,0,0,0,0,0,0,0,0
651,1,montreal,1,1,0,0,0,0,0,0,0,0,0,0,0,0,0
652,1,get,1,1,-1,1,0,0,0,0,0,0,0,0,0,0,0
652,1,yer,1,1,0,0,0,0,0,0,0,0,0,0,0,0,0
653,1,ya-ya,1,1,0,0,0,0,0,0,0,0,0,0,0,0,0
653,1,yer,1,1,0,0,0,0,0,0,0,0,0,0,0,0,0
654,1,ya-ya,1,1,0,0,0,0,0,0,0,0,0,0,0,0,0
655,1,out,1,0,NA,NA,NA,NA,NA,NA,NA,NA,NA,NA,NA,NA,NA
656,1,havana,1,1,0,0,0,0,0,0,0,0,0,0,0,0,0
656,1,out,1,0,NA,NA,NA,NA,NA,NA,NA,NA,NA,NA,NA,NA,NA
657,1,havana,1,1,0,0,0,0,0,0,0,0,0,0,0,0,0
657,1,moon,1,1,0,0,0,0,0,0,0,0,0,0,0,0,0
658,1,eight,1,1,0,0,0,0,0,0,0,0,0,0,0,0,0
658,1,moon,1,1,0,0,0,0,0,0,0,0,0,0,0,0,0
659,1,days,1,1,0,0,0,0,0,0,0,0,0,0,0,0,0
659,1,eight,1,1,0,0,0,0,0,0,0,0,0,0,0,0,0
660,1,days,1,1,0,0,0,0,0,0,0,0,0,0,0,0,0
661,1,week,1,1,0,0,0,0,0,0,0,0,0,0,0,0,0
662,1,live,1,1,1,0,1,0,0,0,0,0,0,0,1,0,1
662,1,week,1,1,0,0,0,0,0,0,0,0,0,0,0,0,0
663,1,live,1,1,1,0,1,0,0,0,0,0,0,0,1,0,1
664,1,the,1,0,NA,NA,NA,NA,NA,NA,NA,NA,NA,NA,NA,NA,NA
665,1,hollywood,1,1,0,0,0,0,0,0,0,0,0,0,0,0,0
665,1,the,1,0,NA,NA,NA,NA,NA,NA,NA,NA,NA,NA,NA,NA,NA
666,1,bowl,1,1,0,0,0,0,0,0,0,0,0,0,0,0,0
666,1,hollywood,1,1,0,0,0,0,0,0,0,0,0,0,0,0,0
667,1,bowl,1,1,0,0,0,0,0,0,0,0,0,0,0,0,0
667,1,concert,1,1,0,0,0,0,0,0,0,0,0,0,0,0,0
668,1,concert,1,1,0,0,0,0,0,0,0,0,0,0,0,0,0
668,1,for,1,0,NA,NA,NA,NA,NA,NA,NA,NA,NA,NA,NA,NA,NA
669,1,for,1,0,NA,NA,NA,NA,NA,NA,NA,NA,NA,NA,NA,NA,NA
669,1,george,1,1,0,0,0,0,0,0,0,0,0,0,0,0,0
670,1,george,1,1,0,0,0,0,0,0,0,0,0,0,0,0,0
671,1,afternoon,1,1,0,0,0,0,0,0,0,0,0,0,0,0,0
672,1,afternoon,1,1,0,0,0,0,0,0,0,0,0,0,0,0,0
673,1,the,1,0,NA,NA,NA,NA,NA,NA,NA,NA,NA,NA,NA,NA,NA
674,1,garden,1,1,0,0,0,0,0,0,0,0,0,0,0,0,0
674,1,the,1,0,NA,NA,NA,NA,NA,NA,NA,NA,NA,NA,NA,NA,NA
675,1,garden,1,1,0,0,0,0,0,0,0,0,0,0,0,0,0
675,1,one,1,1,0,0,0,0,0,0,0,0,0,0,0,0,0
676,1,night,1,1,0,0,0,0,0,0,0,0,0,0,0,0,0
676,1,one,1,1,0,0,0,0,0,0,0,0,0,0,0,0,0
677,1,night,1,1,0,0,0,0,0,0,0,0,0,0,0,0,0
677,1,only,1,0,NA,NA,NA,NA,NA,NA,NA,NA,NA,NA,NA,NA,NA
678,1,greatest,1,1,0,0,0,1,0,1,1,0,1,0,1,0,1
678,1,only,1,0,NA,NA,NA,NA,NA,NA,NA,NA,NA,NA,NA,NA,NA
679,1,greatest,1,1,0,0,0,1,0,1,1,0,1,0,1,0,1
679,1,hits,1,1,0,1,1,0,0,0,0,0,0,0,0,0,0
680,1,hits,1,1,0,1,1,0,0,0,0,0,0,0,0,0,0
680,1,live,1,1,1,0,1,0,0,0,0,0,0,0,1,0,1
681,1,live,1,1,1,0,1,0,0,0,0,0,0,0,1,0,1
682,1,madison,1,1,0,0,0,0,0,0,0,0,0,0,0,0,0
683,1,madison,1,1,0,0,0,0,0,0,0,0,0,0,0,0,0
683,1,square,1,1,1,0,1,0,0,0,0,0,0,0,0,0,0
684,1,garden,1,1,0,0,0,0,0,0,0,0,0,0,0,0,0
684,1,square,1,1,1,0,1,0,0,0,0,0,0,0,0,0,0
685,1,garden,1,1,0,0,0,0,0,0,0,0,0,0,0,0,0
685,1,happy,1,1,1,0,1,0,0,0,1,0,1,0,1,0,1
686,1,75th,1,0,NA,NA,NA,NA,NA,NA,NA,NA,NA,NA,NA,NA,NA
686,1,happy,1,1,1,0,1,0,0,0,1,0,1,0,1,0,1
687,1,75th,1,0,NA,NA,NA,NA,NA,NA,NA,NA,NA,NA,NA,NA,NA
687,1,birthday,1,1,0,0,0,0,0,0,0,0,0,0,0,0,0
688,1,birthday,1,1,0,0,0,0,0,0,0,0,0,0,0,0,0
689,1,the,1,0,NA,NA,NA,NA,NA,NA,NA,NA,NA,NA,NA,NA,NA
690,1,greatest,1,1,0,0,0,1,0,1,1,0,1,0,1,0,1
690,1,the,1,0,NA,NA,NA,NA,NA,NA,NA,NA,NA,NA,NA,NA,NA
691,1,celebrate,1,1,1,0,1,0,0,0,0,0,0,0,1,0,1
691,1,greatest,1,1,0,0,0,1,0,1,1,0,1,0,1,0,1
692,1,celebrate,1,1,1,0,1,0,0,0,0,0,0,0,1,0,1
693,1,watching,1,1,0,0,0,0,0,0,0,0,0,0,0,0,0
694,1,him,1,0,NA,NA,NA,NA,NA,NA,NA,NA,NA,NA,NA,NA,NA
694,1,watching,1,1,0,0,0,0,0,0,0,0,0,0,0,0,0
695,1,celebrate,1,1,1,0,1,0,0,0,0,0,0,0,1,0,1
695,1,him,1,0,NA,NA,NA,NA,NA,NA,NA,NA,NA,NA,NA,NA,NA
696,1,celebrate,1,1,1,0,1,0,0,0,0,0,0,0,1,0,1
696,1,his,1,0,NA,NA,NA,NA,NA,NA,NA,NA,NA,NA,NA,NA,NA
697,1,50th,1,0,NA,NA,NA,NA,NA,NA,NA,NA,NA,NA,NA,NA,NA
697,1,his,1,0,NA,NA,NA,NA,NA,NA,NA,NA,NA,NA,NA,NA,NA
698,1,50th,1,0,NA,NA,NA,NA,NA,NA,NA,NA,NA,NA,NA,NA,NA
699,1,style,1,1,0,0,0,0,0,0,0,0,0,0,0,0,0
700,1,style,1,1,0,0,0,0,0,0,0,0,0,0,0,0,0
700,1,with,1,0,NA,NA,NA,NA,NA,NA,NA,NA,NA,NA,NA,NA,NA
701,1,famous,1,1,1,0,1,0,0,0,0,0,0,0,1,0,1
701,1,with,1,0,NA,NA,NA,NA,NA,NA,NA,NA,NA,NA,NA,NA,NA
702,1,famous,1,1,1,0,1,0,0,0,0,0,0,0,1,0,1
702,1,friends,1,1,1,0,1,0,0,0,1,0,1,0,1,0,1
703,1,and,1,0,NA,NA,NA,NA,NA,NA,NA,NA,NA,NA,NA,NA,NA
703,1,friends,1,1,1,0,1,0,0,0,1,0,1,0,1,0,1
704,1,adoring,1,1,1,0,1,0,0,0,0,0,0,0,1,0,1
704,1,and,1,0,NA,NA,NA,NA,NA,NA,NA,NA,NA,NA,NA,NA,NA
705,1,adoring,1,1,1,0,1,0,0,0,0,0,0,0,1,0,1
705,1,fans,1,1,0,0,0,0,0,0,0,0,0,0,1,0,1
706,1,fans,1,1,0,0,0,0,0,0,0,0,0,0,1,0,1
706,1,missed,1,1,-1,1,0,0,0,0,-1,1,0,0,-1,1,0
707,1,missed,1,1,-1,1,0,0,0,0,-1,1,0,0,-1,1,0
707,1,terribly,1,1,-1,1,0,0,0,0,0,0,0,0,-1,1,0
708,1,terribly,1,1,-1,1,0,0,0,0,0,0,0,0,-1,1,0
709,1,always,1,1,0,0,0,0,0,0,0,0,0,0,0,0,0
710,1,always,1,1,0,0,0,0,0,0,0,0,0,0,0,0,0
710,1,david,1,1,0,0,0,0,0,0,0,0,0,0,0,0,0
711,1,bowie,1,1,0,0,0,0,0,0,0,0,0,0,0,0,0
711,1,david,1,1,0,0,0,0,0,0,0,0,0,0,0,0,0
712,1,bowie,1,1,0,0,0,0,0,0,0,0,0,0,0,0,0
713,1,birthday,1,1,0,0,0,0,0,0,0,0,0,0,0,0,0
714,1,birthday,1,1,0,0,0,0,0,0,0,0,0,0,0,0,0
714,1,concert,1,1,0,0,0,0,0,0,0,0,0,0,0,0,0
715,1,concert,1,1,0,0,0,0,0,0,0,0,0,0,0,0,0
715,1,live,1,1,1,0,1,0,0,0,0,0,0,0,1,0,1
716,1,live,1,1,1,0,1,0,0,0,0,0,0,0,1,0,1
717,1,madison,1,1,0,0,0,0,0,0,0,0,0,0,0,0,0
718,1,madison,1,1,0,0,0,0,0,0,0,0,0,0,0,0,0
718,1,square,1,1,1,0,1,0,0,0,0,0,0,0,0,0,0
719,1,garden,1,1,0,0,0,0,0,0,0,0,0,0,0,0,0
719,1,square,1,1,1,0,1,0,0,0,0,0,0,0,0,0,0
720,1,garden,1,1,0,0,0,0,0,0,0,0,0,0,0,0,0
720,1,new,1,1,0,0,0,0,0,0,0,0,0,0,0,0,0
721,1,new,1,1,0,0,0,0,0,0,0,0,0,0,0,0,0
721,1,york,1,1,0,0,0,0,0,0,0,0,0,0,0,0,0
722,1,york,1,1,0,0,0,0,0,0,0,0,0,0,0,0,0
726,1,1997,1,0,NA,NA,NA,NA,NA,NA,NA,NA,NA,NA,NA,NA,NA
727,1,1997,1,0,NA,NA,NA,NA,NA,NA,NA,NA,NA,NA,NA,NA,NA
728,1,david,1,1,0,0,0,0,0,0,0,0,0,0,0,0,0
729,1,bowie,1,1,0,0,0,0,0,0,0,0,0,0,0,0,0
729,1,david,1,1,0,0,0,0,0,0,0,0,0,0,0,0,0
730,1,bowie,1,1,0,0,0,0,0,0,0,0,0,0,0,0,0
731,1,wmg,1,1,0,0,0,0,0,0,0,0,0,0,0,0,0
732,1,wmg,1,1,0,0,0,0,0,0,0,0,0,0,0,0,0
733,1,nom,1,1,0,0,0,0,0,0,0,0,0,0,0,0,0
734,1,nom,1,1,0,0,0,0,0,0,0,0,0,0,0,0,0
736,1,catalog,1,1,0,0,0,0,0,0,0,0,0,0,0,0,0
737,1,[audio,1,1,0,0,0,0,0,0,0,0,0,0,0,0,0
737,1,catalog,1,1,0,0,0,0,0,0,0,0,0,0,0,0,0
738,1,[audio,1,1,0,0,0,0,0,0,0,0,0,0,0,0,0
738,1,upgrade],1,1,1,0,1,0,0,0,0,0,0,0,1,0,1
739,1,line,1,1,0,0,0,0,0,0,0,0,0,0,0,0,0
739,1,upgrade],1,1,1,0,1,0,0,0,0,0,0,0,1,0,1
740,1,line,1,1,0,0,0,0,0,0,0,0,0,0,0,0,0
741,1,-da…,1,1,0,0,0,0,0,0,0,0,0,0,0,0,0
742,1,-da…,1,1,0,0,0,0,0,0,0,0,0,0,0,0,0
743,1,love,1,1,1,0,1,0,0,0,0,0,0,0,1,0,1
744,1,love,1,1,1,0,1,0,0,0,0,0,0,0,1,0,1
744,1,this,1,0,NA,NA,NA,NA,NA,NA,NA,NA,NA,NA,NA,NA,NA
745,1,album,1,1,0,0,0,0,0,0,0,0,0,0,0,0,0
745,1,this,1,0,NA,NA,NA,NA,NA,NA,NA,NA,NA,NA,NA,NA,NA
746,1,album,1,1,0,0,0,0,0,0,0,0,0,0,0,0,0
747,1,met,1,1,0,0,0,0,0,0,0,0,0,0,0,0,0
748,1,met,1,1,0,0,0,0,0,0,0,0,0,0,0,0,0
748,1,peter,1,1,0,0,0,0,0,0,0,0,0,0,0,0,0
749,1,frampton,1,1,0,0,0,0,0,0,0,0,0,0,0,0,0
749,1,peter,1,1,0,0,0,0,0,0,0,0,0,0,0,0,0
750,1,frampton,1,1,0,0,0,0,0,0,0,0,0,0,0,0,0
751,1,the,1,0,NA,NA,NA,NA,NA,NA,NA,NA,NA,NA,NA,NA,NA
752,1,joyce,1,1,0,0,0,0,0,0,0,0,0,0,0,0,0
752,1,the,1,0,NA,NA,NA,NA,NA,NA,NA,NA,NA,NA,NA,NA,NA
753,1,joyce,1,1,0,0,0,0,0,0,0,0,0,0,0,0,0
753,1,theater,1,1,0,0,0,0,0,0,0,0,0,0,0,0,0
754,1,theater,1,1,0,0,0,0,0,0,0,0,0,0,0,0,0
755,1,wrote,1,1,0,0,0,0,0,0,0,0,0,0,0,0,0
756,1,the,1,0,NA,NA,NA,NA,NA,NA,NA,NA,NA,NA,NA,NA,NA
756,1,wrote,1,1,0,0,0,0,0,0,0,0,0,0,0,0,0
757,1,music,1,1,0,0,0,0,0,0,0,0,0,0,0,0,0
757,1,the,1,0,NA,NA,NA,NA,NA,NA,NA,NA,NA,NA,NA,NA,NA
758,1,music,1,1,0,0,0,0,0,0,0,0,0,0,0,0,0
759,1,one,1,1,0,0,0,0,0,0,0,0,0,0,0,0,0
760,1,one,1,1,0,0,0,0,0,0,0,0,0,0,0,0,0
761,1,the,1,0,NA,NA,NA,NA,NA,NA,NA,NA,NA,NA,NA,NA,NA
762,1,ballets,1,1,0,0,0,0,0,0,0,0,0,0,0,0,0
762,1,the,1,0,NA,NA,NA,NA,NA,NA,NA,NA,NA,NA,NA,NA,NA
763,1,and,1,0,NA,NA,NA,NA,NA,NA,NA,NA,NA,NA,NA,NA,NA
763,1,ballets,1,1,0,0,0,0,0,0,0,0,0,0,0,0,0
764,1,and,1,0,NA,NA,NA,NA,NA,NA,NA,NA,NA,NA,NA,NA,NA
764,1,gave,1,1,0,0,0,0,0,0,0,0,0,0,0,0,0
765,1,gave,1,1,0,0,0,0,0,0,0,0,0,0,0,0,0
766,1,little,1,1,0,0,0,0,0,0,0,0,0,0,0,0,0
767,1,little,1,1,0,0,0,0,0,0,0,0,0,0,0,0,0
767,1,talk,1,1,0,0,0,0,0,0,0,0,0,0,0,0,0
768,1,talk,1,1,0,0,0,0,0,0,0,0,0,0,0,0,0
768,1,very,1,0,NA,NA,NA,NA,NA,NA,NA,NA,NA,NA,NA,NA,NA
769,1,nice,1,1,1,0,1,0,0,0,0,0,0,0,1,0,1
769,1,very,1,0,NA,NA,NA,NA,NA,NA,NA,NA,NA,NA,NA,NA,NA
770,1,guy,1,1,0,0,0,0,0,0,0,0,0,0,0,0,0
770,1,nice,1,1,1,0,1,0,0,0,0,0,0,0,1,0,1
771,1,guy,1,1,0,0,0,0,0,0,0,0,0,0,0,0,0
772,1,saw,1,1,0,0,0,0,0,0,0,0,0,0,0,0,0
773,1,him,1,0,NA,NA,NA,NA,NA,NA,NA,NA,NA,NA,NA,NA,NA
773,1,saw,1,1,0,0,0,0,0,0,0,0,0,0,0,0,0
774,1,him,1,0,NA,NA,NA,NA,NA,NA,NA,NA,NA,NA,NA,NA,NA
775,1,concert,1,1,0,0,0,0,0,0,0,0,0,0,0,0,0
776,1,concert,1,1,0,0,0,0,0,0,0,0,0,0,0,0,0
776,1,right,1,1,1,0,1,0,0,0,0,0,0,0,1,0,1
777,1,before,1,0,NA,NA,NA,NA,NA,NA,NA,NA,NA,NA,NA,NA,NA
777,1,right,1,1,1,0,1,0,0,0,0,0,0,0,1,0,1
778,1,before,1,0,NA,NA,NA,NA,NA,NA,NA,NA,NA,NA,NA,NA,NA
778,1,the,1,0,NA,NA,NA,NA,NA,NA,NA,NA,NA,NA,NA,NA,NA
779,1,pandemic,1,1,0,0,0,0,0,0,0,0,0,0,0,0,0
779,1,the,1,0,NA,NA,NA,NA,NA,NA,NA,NA,NA,NA,NA,NA,NA
780,1,pandemic,1,1,0,0,0,0,0,0,0,0,0,0,0,0,0
781,1,madison,1,1,0,0,0,0,0,0,0,0,0,0,0,0,0
782,1,madison,1,1,0,0,0,0,0,0,0,0,0,0,0,0,0
782,1,square,1,1,1,0,1,0,0,0,0,0,0,0,0,0,0
783,1,garden,1,1,0,0,0,0,0,0,0,0,0,0,0,0,0
783,1,square,1,1,1,0,1,0,0,0,0,0,0,0,0,0,0
784,1,garden,1,1,0,0,0,0,0,0,0,0,0,0,0,0,0
784,1,the,1,0,NA,NA,NA,NA,NA,NA,NA,NA,NA,NA,NA,NA,NA
785,1,last,1,1,0,0,0,0,0,0,0,0,0,0,0,0,0
785,1,the,1,0,NA,NA,NA,NA,NA,NA,NA,NA,NA,NA,NA,NA,NA
786,1,enrique,1,1,0,0,0,0,0,0,0,0,0,0,0,0,0
786,1,last,1,1,0,0,0,0,0,0,0,0,0,0,0,0,0
787,1,enrique,1,1,0,0,0,0,0,0,0,0,0,0,0,0,0
787,1,iglesias,1,1,0,0,0,0,0,0,0,0,0,0,0,0,0
788,1,concert,1,1,0,0,0,0,0,0,0,0,0,0,0,0,0
788,1,iglesias,1,1,0,0,0,0,0,0,0,0,0,0,0,0,0
789,1,concert,1,1,0,0,0,0,0,0,0,0,0,0,0,0,0
790,1,saw,1,1,0,0,0,0,0,0,0,0,0,0,0,0,0
791,1,saw,1,1,0,0,0,0,0,0,0,0,0,0,0,0,0
792,1,madison,1,1,0,0,0,0,0,0,0,0,0,0,0,0,0
793,1,madison,1,1,0,0,0,0,0,0,0,0,0,0,0,0,0
793,1,square,1,1,1,0,1,0,0,0,0,0,0,0,0,0,0
794,1,garden,1,1,0,0,0,0,0,0,0,0,0,0,0,0,0
794,1,square,1,1,1,0,1,0,0,0,0,0,0,0,0,0,0
795,1,garden,1,1,0,0,0,0,0,0,0,0,0,0,0,0,0
796,1,fan,1,1,0,0,0,0,0,0,0,0,0,0,1,0,1
797,1,fan,1,1,0,0,0,0,0,0,0,0,0,0,1,0,1
797,1,jumped,1,1,0,0,0,0,0,0,0,0,0,0,0,0,0
798,1,jumped,1,1,0,0,0,0,0,0,0,0,0,0,0,0,0
798,1,the,1,0,NA,NA,NA,NA,NA,NA,NA,NA,NA,NA,NA,NA,NA
799,1,fence,1,1,0,0,0,0,0,0,0,0,0,0,0,0,0
799,1,the,1,0,NA,NA,NA,NA,NA,NA,NA,NA,NA,NA,NA,NA,NA
800,1,and,1,0,NA,NA,NA,NA,NA,NA,NA,NA,NA,NA,NA,NA,NA
800,1,fence,1,1,0,0,0,0,0,0,0,0,0,0,0,0,0
801,1,and,1,0,NA,NA,NA,NA,NA,NA,NA,NA,NA,NA,NA,NA,NA
801,1,tried,1,1,-1,1,0,0,0,0,0,0,0,0,0,0,0
802,1,tried,1,1,-1,1,0,0,0,0,0,0,0,0,0,0,0
803,1,pull,1,1,0,0,0,0,0,0,0,0,0,0,0,0,0
804,1,down,1,0,NA,NA,NA,NA,NA,NA,NA,NA,NA,NA,NA,NA,NA
804,1,pull,1,1,0,0,0,0,0,0,0,0,0,0,0,0,0
805,1,down,1,0,NA,NA,NA,NA,NA,NA,NA,NA,NA,NA,NA,NA,NA
805,1,enrique’s,1,1,0,0,0,0,0,0,0,0,0,0,0,0,0
806,1,enrique’s,1,1,0,0,0,0,0,0,0,0,0,0,0,0,0
806,1,pants,1,1,0,0,0,0,0,0,0,0,0,0,0,0,0
807,1,guess,1,1,0,0,0,0,0,0,0,0,0,0,0,0,0
807,1,pants,1,1,0,0,0,0,0,0,0,0,0,0,0,0,0
808,1,guess,1,1,0,0,0,0,0,0,0,0,0,0,0,0,0
808,1,it’s,1,0,NA,NA,NA,NA,NA,NA,NA,NA,NA,NA,NA,NA,NA
809,1,it’s,1,0,NA,NA,NA,NA,NA,NA,NA,NA,NA,NA,NA,NA,NA
810,1,trend,1,1,0,0,0,0,0,0,0,0,0,0,0,0,0
811,1,trend,1,1,0,0,0,0,0,0,0,0,0,0,0,0,0
812,1,much,1,1,0,0,0,0,0,0,0,0,0,0,0,0,0
813,1,much,1,1,0,0,0,0,0,0,0,0,0,0,0,0,0
815,1,want,1,1,0,0,0,0,0,0,0,0,0,0,0,0,0
816,1,want,1,1,0,0,0,0,0,0,0,0,0,0,0,0,0
818,1,almost,1,1,0,0,0,0,0,0,0,0,0,1,0,0,0
819,1,almost,1,1,0,0,0,0,0,0,0,0,0,1,0,0,0
819,1,got,1,1,0,0,0,0,0,0,0,0,0,0,0,0,0
820,1,got,1,1,0,0,0,0,0,0,0,0,0,0,0,0,0
820,1,trampled,1,1,-1,1,0,0,0,0,0,0,0,0,-1,1,0
821,1,trampled,1,1,-1,1,0,0,0,0,0,0,0,0,-1,1,0
822,1,death,1,1,-1,1,0,0,0,0,0,0,0,0,-1,1,0
823,1,death,1,1,-1,1,0,0,0,0,0,0,0,0,-1,1,0
824,1,your,1,0,NA,NA,NA,NA,NA,NA,NA,NA,NA,NA,NA,NA,NA
825,1,last,1,1,0,0,0,0,0,0,0,0,0,0,0,0,0
825,1,your,1,0,NA,NA,NA,NA,NA,NA,NA,NA,NA,NA,NA,NA,NA
826,1,concert,1,1,0,0,0,0,0,0,0,0,0,0,0,0,0
826,1,last,1,1,0,0,0,0,0,0,0,0,0,0,0,0,0
827,1,concert,1,1,0,0,0,0,0,0,0,0,0,0,0,0,0
828,1,madison,1,1,0,0,0,0,0,0,0,0,0,0,0,0,0
829,1,madison,1,1,0,0,0,0,0,0,0,0,0,0,0,0,0
829,1,square,1,1,1,0,1,0,0,0,0,0,0,0,0,0,0
830,1,garden,1,1,0,0,0,0,0,0,0,0,0,0,0,0,0
830,1,square,1,1,1,0,1,0,0,0,0,0,0,0,0,0,0
831,1,garden,1,1,0,0,0,0,0,0,0,0,0,0,0,0,0
833,1,think,1,1,0,0,0,0,0,0,0,0,0,0,0,0,0
834,1,think,1,1,0,0,0,0,0,0,0,0,0,0,0,0,0
835,1,have,1,0,NA,NA,NA,NA,NA,NA,NA,NA,NA,NA,NA,NA,NA
836,1,have,1,0,NA,NA,NA,NA,NA,NA,NA,NA,NA,NA,NA,NA,NA
837,1,sit,1,1,0,0,0,0,0,0,0,0,0,0,0,0,0
838,1,sit,1,1,0,0,0,0,0,0,0,0,0,0,0,0,0
838,1,this,1,0,NA,NA,NA,NA,NA,NA,NA,NA,NA,NA,NA,NA,NA
839,1,one,1,1,0,0,0,0,0,0,0,0,0,0,0,0,0
839,1,this,1,0,NA,NA,NA,NA,NA,NA,NA,NA,NA,NA,NA,NA,NA
840,1,one,1,1,0,0,0,0,0,0,0,0,0,0,0,0,0
840,1,out,1,0,NA,NA,NA,NA,NA,NA,NA,NA,NA,NA,NA,NA,NA
841,1,out,1,0,NA,NA,NA,NA,NA,NA,NA,NA,NA,NA,NA,NA,NA
842,1,relatively,1,1,0,0,0,0,0,0,0,0,0,0,0,0,0
843,1,recent,1,1,0,0,0,0,0,0,0,0,0,0,0,0,0
843,1,relatively,1,1,0,0,0,0,0,0,0,0,0,0,0,0,0
844,1,concert,1,1,0,0,0,0,0,0,0,0,0,0,0,0,0
844,1,recent,1,1,0,0,0,0,0,0,0,0,0,0,0,0,0
845,1,concert,1,1,0,0,0,0,0,0,0,0,0,0,0,0,0
845,1,which,1,0,NA,NA,NA,NA,NA,NA,NA,NA,NA,NA,NA,NA,NA
846,1,includes,1,1,0,0,0,0,0,0,0,0,0,0,0,0,0
846,1,which,1,0,NA,NA,NA,NA,NA,NA,NA,NA,NA,NA,NA,NA,NA
847,1,includes,1,1,0,0,0,0,0,0,0,0,0,0,0,0,0
848,1,host,1,1,0,0,0,0,0,0,0,0,0,0,0,0,0
849,1,host,1,1,0,0,0,0,0,0,0,0,0,0,0,0,0
850,1,other,1,0,NA,NA,NA,NA,NA,NA,NA,NA,NA,NA,NA,NA,NA
851,1,groups,1,1,0,0,0,0,0,0,0,0,0,0,0,0,0
851,1,other,1,0,NA,NA,NA,NA,NA,NA,NA,NA,NA,NA,NA,NA,NA
852,1,groups,1,1,0,0,0,0,0,0,0,0,0,0,0,0,0
853,1,label,1,1,0,0,0,0,0,0,0,0,0,0,0,0,0
854,1,centric,1,1,0,0,0,0,0,0,0,0,0,0,0,0,0
854,1,label,1,1,0,0,0,0,0,0,0,0,0,0,0,0,0
855,1,centric,1,1,0,0,0,0,0,0,0,0,0,0,0,0,0
855,1,event,1,1,0,0,0,0,0,0,0,0,0,0,1,0,1
856,1,event,1,1,0,0,0,0,0,0,0,0,0,0,1,0,1
857,1,madison,1,1,0,0,0,0,0,0,0,0,0,0,0,0,0
858,1,madison,1,1,0,0,0,0,0,0,0,0,0,0,0,0,0
858,1,square,1,1,1,0,1,0,0,0,0,0,0,0,0,0,0
859,1,garden,1,1,0,0,0,0,0,0,0,0,0,0,0,0,0
859,1,square,1,1,1,0,1,0,0,0,0,0,0,0,0,0,0
860,1,and,1,0,NA,NA,NA,NA,NA,NA,NA,NA,NA,NA,NA,NA,NA
860,1,garden,1,1,0,0,0,0,0,0,0,0,0,0,0,0,0
861,1,and,1,0,NA,NA,NA,NA,NA,NA,NA,NA,NA,NA,NA,NA,NA
861,1,not,1,0,NA,NA,NA,NA,NA,NA,NA,NA,NA,NA,NA,NA,NA
862,1,not,1,0,NA,NA,NA,NA,NA,NA,NA,NA,NA,NA,NA,NA,NA
863,1,stadium,1,1,0,0,0,0,0,0,0,0,0,0,0,0,0
864,1,sized,1,1,0,0,0,0,0,0,0,0,0,0,0,0,0
864,1,stadium,1,1,0,0,0,0,0,0,0,0,0,0,0,0,0
865,1,sized,1,1,0,0,0,0,0,0,0,0,0,0,0,0,0
865,1,venue,1,1,0,0,0,0,0,0,0,0,0,0,0,0,0
866,1,venue,1,1,0,0,0,0,0,0,0,0,0,0,0,0,0
866,1,yeah,1,1,0,0,0,0,0,0,0,0,0,0,0,0,0
867,1,okay,1,1,0,0,0,0,0,0,0,0,0,0,0,0,0
867,1,yeah,1,1,0,0,0,0,0,0,0,0,0,0,0,0,0
868,1,okay,1,1,0,0,0,0,0,0,0,0,0,0,0,0,0
869,1,that,1,0,NA,NA,NA,NA,NA,NA,NA,NA,NA,NA,NA,NA,NA
870,1,makes,1,1,0,1,1,0,0,0,0,0,0,0,0,0,0
870,1,that,1,0,NA,NA,NA,NA,NA,NA,NA,NA,NA,NA,NA,NA,NA
871,1,makes,1,1,0,1,1,0,0,0,0,0,0,0,0,0,0
871,1,you,1,0,NA,NA,NA,NA,NA,NA,NA,NA,NA,NA,NA,NA,NA
872,1,sleep,1,1,0,0,0,0,0,0,0,0,0,0,0,0,0
872,1,you,1,0,NA,NA,NA,NA,NA,NA,NA,NA,NA,NA,NA,NA,NA
873,1,sleep,1,1,0,0,0,0,0,0,0,0,0,0,0,0,0
874,1,night,1,1,0,0,0,0,0,0,0,0,0,0,0,0,0
875,1,kpoppie,1,1,0,0,0,0,0,0,0,0,0,0,0,0,0
875,1,night,1,1,0,0,0,0,0,0,0,0,0,0,0,0,0
876,1,kpoppie,1,1,0,0,0,0,0,0,0,0,0,0,0,0,0
879,1,not,1,0,NA,NA,NA,NA,NA,NA,NA,NA,NA,NA,NA,NA,NA
880,1,indian,1,1,0,0,0,0,0,0,0,0,0,0,0,0,0
880,1,not,1,0,NA,NA,NA,NA,NA,NA,NA,NA,NA,NA,NA,NA,NA
881,1,but,1,0,NA,NA,NA,NA,NA,NA,NA,NA,NA,NA,NA,NA,NA
881,1,indian,1,1,0,0,0,0,0,0,0,0,0,0,0,0,0
882,1,but,1,0,NA,NA,NA,NA,NA,NA,NA,NA,NA,NA,NA,NA,NA
882,1,kudos,1,1,0,0,0,0,0,0,0,0,0,0,1,0,1
883,1,kudos,1,1,0,0,0,0,0,0,0,0,0,0,1,0,1
884,1,the,1,0,NA,NA,NA,NA,NA,NA,NA,NA,NA,NA,NA,NA,NA
885,1,the,1,0,NA,NA,NA,NA,NA,NA,NA,NA,NA,NA,NA,NA,NA
885,1,xenophobic/racist,1,1,0,0,0,0,0,0,0,0,0,0,0,0,0
886,1,take,1,1,0,0,0,0,0,0,0,0,0,0,0,0,0
886,1,xenophobic/racist,1,1,0,0,0,0,0,0,0,0,0,0,0,0,0
887,1,take,1,1,0,0,0,0,0,0,0,0,0,0,0,0,0
888,1,saw,1,1,0,0,0,0,0,0,0,0,0,0,0,0,0
889,1,saw,1,1,0,0,0,0,0,0,0,0,0,0,0,0,0
889,1,the,1,0,NA,NA,NA,NA,NA,NA,NA,NA,NA,NA,NA,NA,NA
890,1,both,1,0,NA,NA,NA,NA,NA,NA,NA,NA,NA,NA,NA,NA,NA
890,1,the,1,0,NA,NA,NA,NA,NA,NA,NA,NA,NA,NA,NA,NA,NA
891,1,both,1,0,NA,NA,NA,NA,NA,NA,NA,NA,NA,NA,NA,NA,NA
892,1,you,1,0,NA,NA,NA,NA,NA,NA,NA,NA,NA,NA,NA,NA,NA
893,1,play,1,1,1,0,1,0,0,0,0,0,0,0,1,0,1
893,1,you,1,0,NA,NA,NA,NA,NA,NA,NA,NA,NA,NA,NA,NA,NA
894,1,play,1,1,1,0,1,0,0,0,0,0,0,0,1,0,1
894,1,together,1,1,1,0,1,0,0,0,0,0,0,0,1,0,1
895,1,together,1,1,1,0,1,0,0,0,0,0,0,0,1,0,1
896,1,the,1,0,NA,NA,NA,NA,NA,NA,NA,NA,NA,NA,NA,NA,NA
897,1,ronnie,1,1,0,0,0,0,0,0,0,0,0,0,0,0,0
897,1,the,1,0,NA,NA,NA,NA,NA,NA,NA,NA,NA,NA,NA,NA,NA
898,1,lane,1,1,0,0,0,0,0,0,0,0,0,0,0,0,0
898,1,ronnie,1,1,0,0,0,0,0,0,0,0,0,0,0,0,0
899,1,appeal,1,1,1,0,1,0,0,0,0,0,0,0,1,0,1
899,1,lane,1,1,0,0,0,0,0,0,0,0,0,0,0,0,0
900,1,appeal,1,1,1,0,1,0,0,0,0,0,0,0,1,0,1
900,1,for,1,0,NA,NA,NA,NA,NA,NA,NA,NA,NA,NA,NA,NA,NA
901,1,arms,1,1,0,0,0,0,0,0,0,0,0,0,0,0,0
901,1,for,1,0,NA,NA,NA,NA,NA,NA,NA,NA,NA,NA,NA,NA,NA
902,1,arms,1,1,0,0,0,0,0,0,0,0,0,0,0,0,0
902,1,concert,1,1,0,0,0,0,0,0,0,0,0,0,0,0,0
903,1,concert,1,1,0,0,0,0,0,0,0,0,0,0,0,0,0
904,1,1983,1,0,NA,NA,NA,NA,NA,NA,NA,NA,NA,NA,NA,NA,NA
905,1,1983,1,0,NA,NA,NA,NA,NA,NA,NA,NA,NA,NA,NA,NA,NA
906,1,madison,1,1,0,0,0,0,0,0,0,0,0,0,0,0,0
907,1,madison,1,1,0,0,0,0,0,0,0,0,0,0,0,0,0
907,1,square,1,1,1,0,1,0,0,0,0,0,0,0,0,0,0
908,1,garden-,1,1,0,0,0,0,0,0,0,0,0,0,0,0,0
908,1,square,1,1,1,0,1,0,0,0,0,0,0,0,0,0,0
909,1,beyond,1,1,0,0,0,0,0,0,0,0,0,0,0,0,0
909,1,garden-,1,1,0,0,0,0,0,0,0,0,0,0,0,0,0
910,1,beyond,1,1,0,0,0,0,0,0,0,0,0,0,0,0,0
910,1,outstanding,1,1,1,0,1,0,0,0,0,0,0,0,1,0,1
911,1,led,1,1,0,0,0,0,0,0,0,0,0,0,1,0,1
911,1,outstanding,1,1,1,0,1,0,0,0,0,0,0,0,1,0,1
912,1,led,1,1,0,0,0,0,0,0,0,0,0,0,1,0,1
912,1,zeppelin,1,1,0,0,0,0,0,0,0,0,0,0,0,0,0
913,1,magical,1,1,1,0,1,0,0,0,0,0,0,0,1,0,1
913,1,zeppelin,1,1,0,0,0,0,0,0,0,0,0,0,0,0,0
914,1,magical,1,1,1,0,1,0,0,0,0,0,0,0,1,0,1
914,1,sound,1,1,1,0,1,0,0,0,0,0,0,0,1,0,1
915,1,boogie,1,1,0,0,0,0,0,0,0,0,0,0,0,0,0
915,1,sound,1,1,1,0,1,0,0,0,0,0,0,0,1,0,1
916,1,boogie,1,1,0,0,0,0,0,0,0,0,0,0,0,0,0
916,1,concert,1,1,0,0,0,0,0,0,0,0,0,0,0,0,0
917,1,concert,1,1,0,0,0,0,0,0,0,0,0,0,0,0,0
918,1,madison,1,1,0,0,0,0,0,0,0,0,0,0,0,0,0
919,1,madison,1,1,0,0,0,0,0,0,0,0,0,0,0,0,0
919,1,square,1,1,1,0,1,0,0,0,0,0,0,0,0,0,0
920,1,garden,1,1,0,0,0,0,0,0,0,0,0,0,0,0,0
920,1,square,1,1,1,0,1,0,0,0,0,0,0,0,0,0,0
921,1,garden,1,1,0,0,0,0,0,0,0,0,0,0,0,0,0
921,1,new,1,1,0,0,0,0,0,0,0,0,0,0,0,0,0
922,1,new,1,1,0,0,0,0,0,0,0,0,0,0,0,0,0
922,1,york,1,1,0,0,0,0,0,0,0,0,0,0,0,0,0
923,1,york,1,1,0,0,0,0,0,0,0,0,0,0,0,0,0
924,1,united,1,1,0,0,0,0,0,0,0,0,0,0,0,0,0
925,1,states,1,1,1,0,1,0,0,0,0,0,0,0,1,0,1
925,1,united,1,1,0,0,0,0,0,0,0,0,0,0,0,0,0
926,1,7th,1,0,NA,NA,NA,NA,NA,NA,NA,NA,NA,NA,NA,NA,NA
926,1,states,1,1,1,0,1,0,0,0,0,0,0,0,1,0,1
927,1,7th,1,0,NA,NA,NA,NA,NA,NA,NA,NA,NA,NA,NA,NA,NA
927,1,june,1,1,0,0,0,0,0,0,0,0,0,0,0,0,0
928,1,1977,1,0,NA,NA,NA,NA,NA,NA,NA,NA,NA,NA,NA,NA,NA
928,1,june,1,1,0,0,0,0,0,0,0,0,0,0,0,0,0
929,1,1977,1,0,NA,NA,NA,NA,NA,NA,NA,NA,NA,NA,NA,NA,NA
929,1,http,1,1,0,0,0,0,0,0,0,0,0,0,0,0,0
930,1,//bootlegpedia,1,1,0,0,0,0,0,0,0,0,0,0,0,0,0
930,1,http,1,1,0,0,0,0,0,0,0,0,0,0,0,0,0
931,1,//bootlegpedia,1,1,0,0,0,0,0,0,0,0,0,0,0,0,0
931,1,com/en/product/evsd_550-552…,1,1,0,0,0,0,0,0,0,0,0,0,0,0,0
932,1,#via_radiorockpuro,1,1,0,0,0,0,0,0,0,0,0,0,0,0,0
932,1,com/en/product/evsd_550-552…,1,1,0,0,0,0,0,0,0,0,0,0,0,0,0
933,1,#via_radiorockpuro,1,1,0,0,0,0,0,0,0,0,0,0,0,0,0
933,1,complete,1,1,1,0,1,0,0,0,0,0,0,0,0,0,0
934,1,complete,1,1,1,0,1,0,0,0,0,0,0,0,0,0,0
934,1,information,1,1,1,0,1,0,0,0,1,0,1,0,0,0,0
935,1,information,1,1,1,0,1,0,0,0,1,0,1,0,0,0,0
936,1,led,1,1,0,0,0,0,0,0,0,0,0,0,1,0,1
937,1,led,1,1,0,0,0,0,0,0,0,0,0,0,1,0,1
937,1,zeppelin,1,1,0,0,0,0,0,0,0,0,0,0,0,0,0
938,1,zeppelin,1,1,0,0,0,0,0,0,0,0,0,0,0,0,0
939,1,bootleg,1,1,0,0,0,0,0,0,0,0,0,0,0,0,0
940,1,bootleg,1,1,0,0,0,0,0,0,0,0,0,0,0,0,0
940,1,magical,1,1,1,0,1,0,0,0,0,0,0,0,1,0,1
941,1,magical,1,1,1,0,1,0,0,0,0,0,0,0,1,0,1
941,1,sound,1,1,1,0,1,0,0,0,0,0,0,0,1,0,1
942,1,boogie,1,1,0,0,0,0,0,0,0,0,0,0,0,0,0
942,1,sound,1,1,1,0,1,0,0,0,0,0,0,0,1,0,1
943,1,boogie,1,1,0,0,0,0,0,0,0,0,0,0,0,0,0
944,1,empress,1,1,0,0,0,0,0,0,0,0,0,0,0,0,0
945,1,empress,1,1,0,0,0,0,0,0,0,0,0,0,0,0,0
945,1,valley,1,1,0,0,0,0,0,0,0,0,0,0,0,0,0
946,1,supreme,1,1,1,0,1,0,0,0,0,0,0,0,1,0,1
946,1,valley,1,1,0,0,0,0,0,0,0,0,0,0,0,0,0
947,1,disc,1,1,0,0,0,0,0,0,0,0,0,0,0,0,0
947,1,supreme,1,1,1,0,1,0,0,0,0,0,0,0,1,0,1
948,1,disc,1,1,0,0,0,0,0,0,0,0,0,0,0,0,0
948,1,label,1,1,0,0,0,0,0,0,0,0,0,0,0,0,0
949,1,label,1,1,0,0,0,0,0,0,0,0,0,0,0,0,0
949,1,the,1,0,NA,NA,NA,NA,NA,NA,NA,NA,NA,NA,NA,NA,NA
950,1,1975,1,0,NA,NA,NA,NA,NA,NA,NA,NA,NA,NA,NA,NA,NA
950,1,the,1,0,NA,NA,NA,NA,NA,NA,NA,NA,NA,NA,NA,NA,NA
951,1,1975,1,0,NA,NA,NA,NA,NA,NA,NA,NA,NA,NA,NA,NA,NA
952,1,about,1,0,NA,NA,NA,NA,NA,NA,NA,NA,NA,NA,NA,NA,NA
953,1,about,1,0,NA,NA,NA,NA,NA,NA,NA,NA,NA,NA,NA,NA,NA
953,1,you,1,0,NA,NA,NA,NA,NA,NA,NA,NA,NA,NA,NA,NA,NA
954,1,live,1,1,1,0,1,0,0,0,0,0,0,0,1,0,1
954,1,you,1,0,NA,NA,NA,NA,NA,NA,NA,NA,NA,NA,NA,NA,NA
955,1,live,1,1,1,0,1,0,0,0,0,0,0,0,1,0,1
956,1,madison,1,1,0,0,0,0,0,0,0,0,0,0,0,0,0
957,1,madison,1,1,0,0,0,0,0,0,0,0,0,0,0,0,0
957,1,square,1,1,1,0,1,0,0,0,0,0,0,0,0,0,0
958,1,garden,1,1,0,0,0,0,0,0,0,0,0,0,0,0,0
958,1,square,1,1,1,0,1,0,0,0,0,0,0,0,0,0,0
959,1,concert,1,1,0,0,0,0,0,0,0,0,0,0,0,0,0
959,1,garden,1,1,0,0,0,0,0,0,0,0,0,0,0,0,0
960,1,7th,1,0,NA,NA,NA,NA,NA,NA,NA,NA,NA,NA,NA,NA,NA
960,1,concert,1,1,0,0,0,0,0,0,0,0,0,0,0,0,0
961,1,7th,1,0,NA,NA,NA,NA,NA,NA,NA,NA,NA,NA,NA,NA,NA
961,1,november,1,1,0,0,0,0,0,0,0,0,0,0,0,0,0
962,1,2022,1,0,NA,NA,NA,NA,NA,NA,NA,NA,NA,NA,NA,NA,NA
962,1,november,1,1,0,0,0,0,0,0,0,0,0,0,0,0,0
963,1,2022,1,0,NA,NA,NA,NA,NA,NA,NA,NA,NA,NA,NA,NA,NA
963,1,enjoy,1,1,1,0,1,1,0,1,1,0,1,0,1,0,1
964,1,enjoy,1,1,1,0,1,1,0,1,1,0,1,0,1,0,1
964,1,not,1,0,NA,NA,NA,NA,NA,NA,NA,NA,NA,NA,NA,NA,NA
965,1,long,1,1,0,0,0,0,0,0,0,0,0,0,-1,1,0
965,1,not,1,0,NA,NA,NA,NA,NA,NA,NA,NA,NA,NA,NA,NA,NA
966,1,after,1,0,NA,NA,NA,NA,NA,NA,NA,NA,NA,NA,NA,NA,NA
966,1,long,1,1,0,0,0,0,0,0,0,0,0,0,-1,1,0
967,1,after,1,0,NA,NA,NA,NA,NA,NA,NA,NA,NA,NA,NA,NA,NA
967,1,sinead,1,1,0,0,0,0,0,0,0,0,0,0,0,0,0
968,1,sinead,1,1,0,0,0,0,0,0,0,0,0,0,0,0,0
968,1,was,1,0,NA,NA,NA,NA,NA,NA,NA,NA,NA,NA,NA,NA,NA
969,1,one,1,1,0,0,0,0,0,0,0,0,0,0,0,0,0
969,1,was,1,0,NA,NA,NA,NA,NA,NA,NA,NA,NA,NA,NA,NA,NA
970,1,one,1,1,0,0,0,0,0,0,0,0,0,0,0,0,0
971,1,the,1,0,NA,NA,NA,NA,NA,NA,NA,NA,NA,NA,NA,NA,NA
972,1,featured,1,1,0,0,0,0,0,0,0,0,0,0,0,0,0
972,1,the,1,0,NA,NA,NA,NA,NA,NA,NA,NA,NA,NA,NA,NA,NA
973,1,featured,1,1,0,0,0,0,0,0,0,0,0,0,0,0,0
973,1,performers,1,1,0,0,0,0,0,0,0,0,0,0,0,0,0
974,1,performers,1,1,0,0,0,0,0,0,0,0,0,0,0,0,0
976,1,bob,1,1,0,0,0,0,0,0,0,0,0,0,0,0,0
977,1,bob,1,1,0,0,0,0,0,0,0,0,0,0,0,0,0
977,1,dylan,1,1,0,0,0,0,0,0,0,0,0,0,0,0,0
978,1,dylan,1,1,0,0,0,0,0,0,0,0,0,0,0,0,0
978,1,tribute,1,1,1,0,1,0,0,0,0,0,0,0,0,0,0
979,1,concert,1,1,0,0,0,0,0,0,0,0,0,0,0,0,0
979,1,tribute,1,1,1,0,1,0,0,0,0,0,0,0,0,0,0
980,1,concert,1,1,0,0,0,0,0,0,0,0,0,0,0,0,0
981,1,madison,1,1,0,0,0,0,0,0,0,0,0,0,0,0,0
982,1,madison,1,1,0,0,0,0,0,0,0,0,0,0,0,0,0
982,1,square,1,1,1,0,1,0,0,0,0,0,0,0,0,0,0
983,1,garden,1,1,0,0,0,0,0,0,0,0,0,0,0,0,0
983,1,square,1,1,1,0,1,0,0,0,0,0,0,0,0,0,0
984,1,and,1,0,NA,NA,NA,NA,NA,NA,NA,NA,NA,NA,NA,NA,NA
984,1,garden,1,1,0,0,0,0,0,0,0,0,0,0,0,0,0
985,1,and,1,0,NA,NA,NA,NA,NA,NA,NA,NA,NA,NA,NA,NA,NA
985,1,the,1,0,NA,NA,NA,NA,NA,NA,NA,NA,NA,NA,NA,NA,NA
986,1,crowd,1,1,0,0,0,0,0,0,0,0,0,0,-1,1,0
986,1,the,1,0,NA,NA,NA,NA,NA,NA,NA,NA,NA,NA,NA,NA,NA
987,1,booed,1,1,0,0,0,0,0,0,0,0,0,0,0,0,0
987,1,crowd,1,1,0,0,0,0,0,0,0,0,0,0,-1,1,0
988,1,booed,1,1,0,0,0,0,0,0,0,0,0,0,0,0,0
988,1,lustily,1,1,0,0,0,0,0,0,0,0,0,0,0,0,0
989,1,kristofferson,1,1,0,0,0,0,0,0,0,0,0,0,0,0,0
989,1,lustily,1,1,0,0,0,0,0,0,0,0,0,0,0,0,0
990,1,kristofferson,1,1,0,0,0,0,0,0,0,0,0,0,0,0,0
990,1,was,1,0,NA,NA,NA,NA,NA,NA,NA,NA,NA,NA,NA,NA,NA
991,1,sent,1,1,0,0,0,0,0,0,0,0,0,0,0,0,0
991,1,was,1,0,NA,NA,NA,NA,NA,NA,NA,NA,NA,NA,NA,NA,NA
992,1,sent,1,1,0,0,0,0,0,0,0,0,0,0,0,0,0
993,1,the,1,0,NA,NA,NA,NA,NA,NA,NA,NA,NA,NA,NA,NA,NA
994,1,stage,1,1,0,0,0,0,0,0,0,0,0,0,0,0,0
994,1,the,1,0,NA,NA,NA,NA,NA,NA,NA,NA,NA,NA,NA,NA,NA
995,1,stage,1,1,0,0,0,0,0,0,0,0,0,0,0,0,0
996,1,the,1,0,NA,NA,NA,NA,NA,NA,NA,NA,NA,NA,NA,NA,NA
997,1,organizers,1,1,1,0,1,0,0,0,0,0,0,0,0,0,0
997,1,the,1,0,NA,NA,NA,NA,NA,NA,NA,NA,NA,NA,NA,NA,NA
998,1,organizers,1,1,1,0,1,0,0,0,0,0,0,0,0,0,0
999,1,take,1,1,0,0,0,0,0,0,0,0,0,0,0,0,0
1000,1,take,1,1,0,0,0,0,0,0,0,0,0,0,0,0,0
1000,1,the,1,0,NA,NA,NA,NA,NA,NA,NA,NA,NA,NA,NA,NA,NA
1001,1,the,1,0,NA,NA,NA,NA,NA,NA,NA,NA,NA,NA,NA,NA,NA
1001,1,visibly,1,1,0,0,0,0,0,0,0,0,0,0,0,0,0
1002,1,upset,1,1,-1,1,0,0,0,0,-1,1,0,0,-1,1,0
1002,1,visibly,1,1,0,0,0,0,0,0,0,0,0,0,0,0,0
1003,1,sinead,1,1,0,0,0,0,0,0,0,0,0,0,0,0,0
1003,1,upset,1,1,-1,1,0,0,0,0,-1,1,0,0,-1,1,0
1004,1,off,1,0,NA,NA,NA,NA,NA,NA,NA,NA,NA,NA,NA,NA,NA
1004,1,sinead,1,1,0,0,0,0,0,0,0,0,0,0,0,0,0
1005,1,david,1,1,0,0,0,0,0,0,0,0,0,0,0,0,0
1005,1,off,1,0,NA,NA,NA,NA,NA,NA,NA,NA,NA,NA,NA,NA,NA
1006,1,bowie,1,1,0,0,0,0,0,0,0,0,0,0,0,0,0
1006,1,david,1,1,0,0,0,0,0,0,0,0,0,0,0,0,0
1007,1,bowie,1,1,0,0,0,0,0,0,0,0,0,0,0,0,0
1008,1,birthday,1,1,0,0,0,0,0,0,0,0,0,0,0,0,0
1009,1,birthday,1,1,0,0,0,0,0,0,0,0,0,0,0,0,0
1009,1,concert,1,1,0,0,0,0,0,0,0,0,0,0,0,0,0
1010,1,concert,1,1,0,0,0,0,0,0,0,0,0,0,0,0,0
1010,1,live,1,1,1,0,1,0,0,0,0,0,0,0,1,0,1
1011,1,live,1,1,1,0,1,0,0,0,0,0,0,0,1,0,1
1012,1,madison,1,1,0,0,0,0,0,0,0,0,0,0,0,0,0
1013,1,madison,1,1,0,0,0,0,0,0,0,0,0,0,0,0,0
1013,1,square,1,1,1,0,1,0,0,0,0,0,0,0,0,0,0
1014,1,garden,1,1,0,0,0,0,0,0,0,0,0,0,0,0,0
1014,1,square,1,1,1,0,1,0,0,0,0,0,0,0,0,0,0
1015,1,garden,1,1,0,0,0,0,0,0,0,0,0,0,0,0,0
1015,1,new,1,1,0,0,0,0,0,0,0,0,0,0,0,0,0
1016,1,new,1,1,0,0,0,0,0,0,0,0,0,0,0,0,0
1016,1,york,1,1,0,0,0,0,0,0,0,0,0,0,0,0,0
1017,1,york,1,1,0,0,0,0,0,0,0,0,0,0,0,0,0
1021,1,1997,1,0,NA,NA,NA,NA,NA,NA,NA,NA,NA,NA,NA,NA,NA
1022,1,1997,1,0,NA,NA,NA,NA,NA,NA,NA,NA,NA,NA,NA,NA,NA
1023,1,david,1,1,0,0,0,0,0,0,0,0,0,0,0,0,0
1024,1,bowie,1,1,0,0,0,0,0,0,0,0,0,0,0,0,0
1024,1,david,1,1,0,0,0,0,0,0,0,0,0,0,0,0,0
1025,1,bowie,1,1,0,0,0,0,0,0,0,0,0,0,0,0,0
1026,1,wmg,1,1,0,0,0,0,0,0,0,0,0,0,0,0,0
1027,1,wmg,1,1,0,0,0,0,0,0,0,0,0,0,0,0,0
1028,1,nom,1,1,0,0,0,0,0,0,0,0,0,0,0,0,0
1029,1,nom,1,1,0,0,0,0,0,0,0,0,0,0,0,0,0
1031,1,catalog,1,1,0,0,0,0,0,0,0,0,0,0,0,0,0
1032,1,[audio,1,1,0,0,0,0,0,0,0,0,0,0,0,0,0
1032,1,catalog,1,1,0,0,0,0,0,0,0,0,0,0,0,0,0
1033,1,[audio,1,1,0,0,0,0,0,0,0,0,0,0,0,0,0
1033,1,upgrade],1,1,1,0,1,0,0,0,0,0,0,0,1,0,1
1034,1,line,1,1,0,0,0,0,0,0,0,0,0,0,0,0,0
1034,1,upgrade],1,1,1,0,1,0,0,0,0,0,0,0,1,0,1
1035,1,line,1,1,0,0,0,0,0,0,0,0,0,0,0,0,0
1036,1,-da…,1,1,0,0,0,0,0,0,0,0,0,0,0,0,0
1037,1,-da…,1,1,0,0,0,0,0,0,0,0,0,0,0,0,0
1038,1,just,1,1,1,0,1,0,0,0,0,0,0,0,1,0,1
1039,1,just,1,1,1,0,1,0,0,0,0,0,0,0,1,0,1
1039,1,went,1,1,0,0,0,0,0,0,0,0,0,0,0,0,0
1040,1,down,1,0,NA,NA,NA,NA,NA,NA,NA,NA,NA,NA,NA,NA,NA
1040,1,went,1,1,0,0,0,0,0,0,0,0,0,0,0,0,0
1041,1,down,1,0,NA,NA,NA,NA,NA,NA,NA,NA,NA,NA,NA,NA,NA
1041,1,the,1,0,NA,NA,NA,NA,NA,NA,NA,NA,NA,NA,NA,NA,NA
1042,1,rabbit,1,1,0,0,0,0,0,0,0,0,0,0,0,0,0
1042,1,the,1,0,NA,NA,NA,NA,NA,NA,NA,NA,NA,NA,NA,NA,NA
1043,1,hole,1,1,-1,1,0,0,0,0,0,0,0,0,0,0,0
1043,1,rabbit,1,1,0,0,0,0,0,0,0,0,0,0,0,0,0
1044,1,for,1,0,NA,NA,NA,NA,NA,NA,NA,NA,NA,NA,NA,NA,NA
1044,1,hole,1,1,-1,1,0,0,0,0,0,0,0,0,0,0,0
1045,1,for,1,0,NA,NA,NA,NA,NA,NA,NA,NA,NA,NA,NA,NA,NA
1045,1,more,1,0,NA,NA,NA,NA,NA,NA,NA,NA,NA,NA,NA,NA,NA
1046,1,more,1,0,NA,NA,NA,NA,NA,NA,NA,NA,NA,NA,NA,NA,NA
1047,1,the,1,0,NA,NA,NA,NA,NA,NA,NA,NA,NA,NA,NA,NA,NA
1048,1,elton,1,1,0,0,0,0,0,0,0,0,0,0,0,0,0
1048,1,the,1,0,NA,NA,NA,NA,NA,NA,NA,NA,NA,NA,NA,NA,NA
1049,1,elton,1,1,0,0,0,0,0,0,0,0,0,0,0,0,0
1049,1,john,1,1,0,0,0,0,0,0,0,0,0,0,0,0,0
1050,1,john,1,1,0,0,0,0,0,0,0,0,0,0,0,0,0
1050,1,version,1,1,0,0,0,0,0,0,0,0,0,0,0,0,0
1051,1,and,1,0,NA,NA,NA,NA,NA,NA,NA,NA,NA,NA,NA,NA,NA
1051,1,version,1,1,0,0,0,0,0,0,0,0,0,0,0,0,0
1052,1,and,1,0,NA,NA,NA,NA,NA,NA,NA,NA,NA,NA,NA,NA,NA
1052,1,learnt,1,1,0,0,0,0,0,0,0,0,0,0,0,0,0
1053,1,learnt,1,1,0,0,0,0,0,0,0,0,0,0,0,0,0
1053,1,that,1,0,NA,NA,NA,NA,NA,NA,NA,NA,NA,NA,NA,NA,NA
1054,1,lennon,1,1,0,0,0,0,0,0,0,0,0,0,0,0,0
1054,1,that,1,0,NA,NA,NA,NA,NA,NA,NA,NA,NA,NA,NA,NA,NA
1055,1,lennon,1,1,0,0,0,0,0,0,0,0,0,0,0,0,0
1055,1,performed,1,1,0,0,0,0,0,0,0,0,0,0,0,0,0
1056,1,performed,1,1,0,0,0,0,0,0,0,0,0,0,0,0,0
1056,1,the,1,0,NA,NA,NA,NA,NA,NA,NA,NA,NA,NA,NA,NA,NA
1057,1,song,1,1,0,0,0,0,0,0,0,0,0,0,0,0,0
1057,1,the,1,0,NA,NA,NA,NA,NA,NA,NA,NA,NA,NA,NA,NA,NA
1058,1,live,1,1,1,0,1,0,0,0,0,0,0,0,1,0,1
1058,1,song,1,1,0,0,0,0,0,0,0,0,0,0,0,0,0
1059,1,live,1,1,1,0,1,0,0,0,0,0,0,0,1,0,1
1059,1,with,1,0,NA,NA,NA,NA,NA,NA,NA,NA,NA,NA,NA,NA,NA
1060,1,elton,1,1,0,0,0,0,0,0,0,0,0,0,0,0,0
1060,1,with,1,0,NA,NA,NA,NA,NA,NA,NA,NA,NA,NA,NA,NA,NA
1061,1,elton,1,1,0,0,0,0,0,0,0,0,0,0,0,0,0
1062,1,madison,1,1,0,0,0,0,0,0,0,0,0,0,0,0,0
1063,1,madison,1,1,0,0,0,0,0,0,0,0,0,0,0,0,0
1063,1,square,1,1,1,0,1,0,0,0,0,0,0,0,0,0,0
1064,1,garden,1,1,0,0,0,0,0,0,0,0,0,0,0,0,0
1064,1,square,1,1,1,0,1,0,0,0,0,0,0,0,0,0,0
1065,1,garden,1,1,0,0,0,0,0,0,0,0,0,0,0,0,0
1066,1,thanksgiving,1,1,0,0,0,0,0,0,0,0,0,0,0,0,0
1067,1,night,1,1,0,0,0,0,0,0,0,0,0,0,0,0,0
1067,1,thanksgiving,1,1,0,0,0,0,0,0,0,0,0,0,0,0,0
1068,1,1974,1,0,NA,NA,NA,NA,NA,NA,NA,NA,NA,NA,NA,NA,NA
1068,1,night,1,1,0,0,0,0,0,0,0,0,0,0,0,0,0
1069,1,1974,1,0,NA,NA,NA,NA,NA,NA,NA,NA,NA,NA,NA,NA,NA
1069,1,can,1,1,0,0,0,0,0,0,0,0,0,0,0,0,0
1070,1,can,1,1,0,0,0,0,0,0,0,0,0,0,0,0,0
1070,1,you,1,0,NA,NA,NA,NA,NA,NA,NA,NA,NA,NA,NA,NA,NA
1071,1,imagine,1,1,1,0,1,0,0,0,0,0,0,0,1,0,1
1071,1,you,1,0,NA,NA,NA,NA,NA,NA,NA,NA,NA,NA,NA,NA,NA
1072,1,imagine,1,1,1,0,1,0,0,0,0,0,0,0,1,0,1
1072,1,the,1,0,NA,NA,NA,NA,NA,NA,NA,NA,NA,NA,NA,NA,NA
1073,1,the,1,0,NA,NA,NA,NA,NA,NA,NA,NA,NA,NA,NA,NA,NA
1073,1,vibe,1,1,0,0,0,0,0,0,0,0,0,0,0,0,0
1074,1,vibe,1,1,0,0,0,0,0,0,0,0,0,0,0,0,0
1075,1,that,1,0,NA,NA,NA,NA,NA,NA,NA,NA,NA,NA,NA,NA,NA
1076,1,concert,1,1,0,0,0,0,0,0,0,0,0,0,0,0,0
1076,1,that,1,0,NA,NA,NA,NA,NA,NA,NA,NA,NA,NA,NA,NA,NA
1077,1,concert,1,1,0,0,0,0,0,0,0,0,0,0,0,0,0
1078,1,were,1,0,NA,NA,NA,NA,NA,NA,NA,NA,NA,NA,NA,NA,NA
1079,1,born,1,1,0,0,0,0,0,0,0,0,0,0,0,0,0
1079,1,were,1,0,NA,NA,NA,NA,NA,NA,NA,NA,NA,NA,NA,NA,NA
1080,1,born,1,1,0,0,0,0,0,0,0,0,0,0,0,0,0
1080,1,too,1,0,NA,NA,NA,NA,NA,NA,NA,NA,NA,NA,NA,NA,NA
1081,1,late,1,1,0,0,0,0,0,0,-1,1,0,0,0,0,0
1081,1,too,1,0,NA,NA,NA,NA,NA,NA,NA,NA,NA,NA,NA,NA,NA
1082,1,late,1,1,0,0,0,0,0,0,-1,1,0,0,0,0,0
1082,1,too,1,0,NA,NA,NA,NA,NA,NA,NA,NA,NA,NA,NA,NA,NA
1083,1,far,1,1,0,0,0,0,0,0,0,0,0,0,0,0,0
1083,1,too,1,0,NA,NA,NA,NA,NA,NA,NA,NA,NA,NA,NA,NA,NA
1084,1,far,1,1,0,0,0,0,0,0,0,0,0,0,0,0,0
1084,1,the,1,0,NA,NA,NA,NA,NA,NA,NA,NA,NA,NA,NA,NA,NA
1085,1,1975,1,0,NA,NA,NA,NA,NA,NA,NA,NA,NA,NA,NA,NA,NA
1085,1,the,1,0,NA,NA,NA,NA,NA,NA,NA,NA,NA,NA,NA,NA,NA
1086,1,1975,1,0,NA,NA,NA,NA,NA,NA,NA,NA,NA,NA,NA,NA,NA
1087,1,about,1,0,NA,NA,NA,NA,NA,NA,NA,NA,NA,NA,NA,NA,NA
1088,1,about,1,0,NA,NA,NA,NA,NA,NA,NA,NA,NA,NA,NA,NA,NA
1088,1,you,1,0,NA,NA,NA,NA,NA,NA,NA,NA,NA,NA,NA,NA,NA
1089,1,live,1,1,1,0,1,0,0,0,0,0,0,0,1,0,1
1089,1,you,1,0,NA,NA,NA,NA,NA,NA,NA,NA,NA,NA,NA,NA,NA
1090,1,live,1,1,1,0,1,0,0,0,0,0,0,0,1,0,1
1091,1,madison,1,1,0,0,0,0,0,0,0,0,0,0,0,0,0
1092,1,madison,1,1,0,0,0,0,0,0,0,0,0,0,0,0,0
1092,1,square,1,1,1,0,1,0,0,0,0,0,0,0,0,0,0
1093,1,garden,1,1,0,0,0,0,0,0,0,0,0,0,0,0,0
1093,1,square,1,1,1,0,1,0,0,0,0,0,0,0,0,0,0
1094,1,concert,1,1,0,0,0,0,0,0,0,0,0,0,0,0,0
1094,1,garden,1,1,0,0,0,0,0,0,0,0,0,0,0,0,0
1095,1,concert,1,1,0,0,0,0,0,0,0,0,0,0,0,0,0
1095,1,this,1,0,NA,NA,NA,NA,NA,NA,NA,NA,NA,NA,NA,NA,NA
1096,1,this,1,0,NA,NA,NA,NA,NA,NA,NA,NA,NA,NA,NA,NA,NA
1098,1,very,1,0,NA,NA,NA,NA,NA,NA,NA,NA,NA,NA,NA,NA,NA
1099,1,common,1,1,0,1,1,0,0,0,0,0,0,0,0,0,0
1099,1,very,1,0,NA,NA,NA,NA,NA,NA,NA,NA,NA,NA,NA,NA,NA
1100,1,common,1,1,0,1,1,0,0,0,0,0,0,0,0,0,0
1100,1,mis-quote,1,1,0,0,0,0,0,0,0,0,0,0,0,0,0
1101,1,mis-quote,1,1,0,0,0,0,0,0,0,0,0,0,0,0,0
1102,1,what,1,0,NA,NA,NA,NA,NA,NA,NA,NA,NA,NA,NA,NA,NA
1103,1,what,1,0,NA,NA,NA,NA,NA,NA,NA,NA,NA,NA,NA,NA,NA
1104,1,actually,1,1,1,0,1,0,0,0,0,0,0,0,0,0,0
1105,1,actually,1,1,1,0,1,0,0,0,0,0,0,0,0,0,0
1105,1,said,1,1,0,0,0,0,0,0,0,0,0,0,0,0,0
1106,1,said,1,1,0,0,0,0,0,0,0,0,0,0,0,0,0
1106,1,which,1,0,NA,NA,NA,NA,NA,NA,NA,NA,NA,NA,NA,NA,NA
1107,1,was,1,0,NA,NA,NA,NA,NA,NA,NA,NA,NA,NA,NA,NA,NA
1107,1,which,1,0,NA,NA,NA,NA,NA,NA,NA,NA,NA,NA,NA,NA,NA
1108,1,was,1,0,NA,NA,NA,NA,NA,NA,NA,NA,NA,NA,NA,NA,NA
1110,1,won’t,1,1,0,0,0,0,0,0,0,0,0,0,0,0,0
1111,1,bore,1,1,-1,1,0,0,0,0,0,0,0,0,-1,1,0
1111,1,won’t,1,1,0,0,0,0,0,0,0,0,0,0,0,0,0
1112,1,bore,1,1,-1,1,0,0,0,0,0,0,0,0,-1,1,0
1112,1,you,1,0,NA,NA,NA,NA,NA,NA,NA,NA,NA,NA,NA,NA,NA
1113,1,you,1,0,NA,NA,NA,NA,NA,NA,NA,NA,NA,NA,NA,NA,NA
1114,1,very,1,0,NA,NA,NA,NA,NA,NA,NA,NA,NA,NA,NA,NA,NA
1115,1,different,1,1,-1,1,0,0,0,0,0,0,0,1,0,0,0
1115,1,very,1,0,NA,NA,NA,NA,NA,NA,NA,NA,NA,NA,NA,NA,NA
1116,1,different,1,1,-1,1,0,0,0,0,0,0,0,1,0,0,0
1116,1,meaning,1,1,-1,1,0,0,0,0,0,0,0,0,-1,1,0
1117,1,meaning,1,1,-1,1,0,0,0,0,0,0,0,0,-1,1,0
1118,1,says,1,1,0,0,0,0,0,0,0,0,0,0,0,0,0
1119,1,says,1,1,0,0,0,0,0,0,0,0,0,0,0,0,0
1120,1,right,1,1,1,0,1,0,0,0,0,0,0,0,1,0,1
1121,1,around,1,1,0,0,0,0,0,0,0,0,0,0,0,0,0
1121,1,right,1,1,1,0,1,0,0,0,0,0,0,0,1,0,1
1122,1,around,1,1,0,0,0,0,0,0,0,0,0,0,0,0,0
1122,1,the,1,0,NA,NA,NA,NA,NA,NA,NA,NA,NA,NA,NA,NA,NA
1123,1,the,1,0,NA,NA,NA,NA,NA,NA,NA,NA,NA,NA,NA,NA,NA
1123,1,time,1,1,0,0,0,0,0,0,0,0,0,0,1,0,1
1124,1,the,1,0,NA,NA,NA,NA,NA,NA,NA,NA,NA,NA,NA,NA,NA
1124,1,time,1,1,0,0,0,0,0,0,0,0,0,0,1,0,1
1125,1,birthday,1,1,0,0,0,0,0,0,0,0,0,0,0,0,0
1125,1,the,1,0,NA,NA,NA,NA,NA,NA,NA,NA,NA,NA,NA,NA,NA
1126,1,birthday,1,1,0,0,0,0,0,0,0,0,0,0,0,0,0
1126,1,cake,1,1,0,0,0,0,0,0,0,0,0,0,0,0,0
1127,1,cake,1,1,0,0,0,0,0,0,0,0,0,0,0,0,0
1127,1,comes,1,1,1,0,1,0,0,0,0,0,0,0,1,0,1
1128,1,comes,1,1,1,0,1,0,0,0,0,0,0,0,1,0,1
1128,1,out,1,0,NA,NA,NA,NA,NA,NA,NA,NA,NA,NA,NA,NA,NA